year;Afghanistan;Albania;Algeria;American Samoa;Andorra;Angola;Anguilla;Antigua and Barbuda;Argentina;Armenia;Aruba;Australia;Austria;Azerbaijan;Bahamas;Bahrain;Bangladesh;Barbados;Belarus;Belgium;Belize;Benin;Bermuda;Bhutan;Bolivia  Plurinational State of;Bosnia and Herzegovina;Botswana;Bouvet Island;Brazil;Bulgaria;Burkina Faso;Burundi;Cabo Verde;Cambodia;Cameroon;Canada;Cayman Islands;Central African Republic;Chad;Chile;China;Christmas Island;Colombia;Comoros;Congo;Congo  Democratic Republic of the;Cook Islands;Costa Rica;Côte d'Ivoire;Croatia;Cuba;Cyprus;Czech Republic;Denmark;Djibouti;Dominica;Dominican Republic;Ecuador;Egypt;El Salvador;Equatorial Guinea;Eritrea;Estonia;Eswatini;Ethiopia;Faroe Islands;Fiji;Finland;France;French Polynesia;Gabon;Gambia;Georgia;Germany;Ghana;Gibraltar;Greece;Greenland;Guam;Guatemala;Guinea;Guinea-Bissau;Guyana;Haiti;Honduras;Hong Kong  China;Hungary;Iceland;India;Indonesia;Iran  Islamic Republic of;Iraq;Ireland;Israel;Italy;Jamaica;Japan;Jordan;Kazakhstan;Kenya;Korea  Republic of;Kuwait;Kyrgyzstan;Latvia;Lebanon;Lesotho;Libya  State of;Lithuania;Luxembourg;Macedonia  North;Madagascar;Malawi;Malaysia;Maldives;Mali;Malta;Mauritania;Mauritius;Mexico;Micronesia  Federated States of;Moldova  Republic of;Mongolia;Montenegro;Morocco;Mozambique;Myanmar;Namibia;Nauru;Nepal;Netherlands;New Caledonia;New Zealand;Nicaragua;Niger;Nigeria;Norway;Oman;Pakistan;Panama;Paraguay;Peru;Philippines;Poland;Portugal;Qatar;Romania;Russian Federation;Rwanda;Saint Kitts and Nevis;Samoa;Saudi Arabia;Senegal;Serbia;Seychelles;Sierra Leone;Singapore;Slovakia;Slovenia;South Africa;Spain;Sri Lanka;Suriname;Sweden;Switzerland;Tajikistan;Tanzania  United Republic of;Thailand;Togo;Tunisia;Turkey;Uganda;Ukraine;United Arab Emirates;United Kingdom;United States of America;Uruguay;Venezuela  Bolivarian Republic of;Viet Nam;Yemen;Zambia;Zimbabwe
2001;;4,566725041;6,842930917;0;4,269154337;;5,105774106;;3,874585387;4,90572366;;3,829499795;2,521265153;7,510075949;5,480980083;6,96664328;4,533845047;4,410844885;3,519714167;2,49106682;7,233645114;6,663032373;;;5,045749639;;7,660628638;0;3,254350676;3,11527798;6,081983864;6,981679961;6,377510585;5,227696983;6,397789732;3,35971183;7,018737532;6,424829863;7,612538413;4,521612475;2,095974961;6,888011153;4,339392458;7,842949406;;6,978794121;;4,256567126;5,156716388;3,277947346;6,269038816;4,603035291;2,326004411;2,623180186;;5,738447849;4,83769193;5,758519069;5,029417265;5,960443551;7,971554937;;3,284430648;5,122626989;5,946395619;5,634056691;;3,325818491;2,261252063;6,649142257;7,772824987;6,108351354;4,633689941;2,23186093;5,971693524;6,314666429;3,17906188;6,542610298;0;4,001003665;7,165985643;;5,680074712;;5,007357611;2,578894136;3,043060218;5,475903163;3,03990528;3,352716482;7,384401552;;4,198802975;4,646895433;1,910930062;6,212395442;2,864928355;3,602987309;5,903865539;4,807204438;3,205366102;7,374148522;5,718258855;3,717923025;3,457833435;5,103303842;;3,512765265;3,580375919;3,598845879;5,015415142;6,207637536;3,638593391;5,931855589;6,736684808;6,127558097;7,614620928;4,991898892;3,256672854;;4,188097713;5,505346027;;3,875227597;6,562429166;;5,519665663;6,343933641;;3,342916318;7,08283818;3,527278019;4,957100278;6,230260494;8,532168183;5,531602985;7,019339734;;5,002839194;6,721287597;4,747774878;4,769404096;2,546062155;2,978389949;7,457862128;2,915036277;5,12818515;7,260791308;6,613512334;6,88110035;7,32883842;4,921854288;;7,500911553;;3,842494711;3,007639997;2,649558091;3,326910384;2,377051006;3,743272586;7,86935522;2,816764886;2,649260826;;5,178297147;3,024493244;5,444661024;3,664936185;2,663366519;5,178642541;3,327066243;;2,801213188;2,293858995;3,974809468;6,846894129;4,103732643;;6,196677866;6,382781067
2002;;4,670904598;6,06184871;0;4,447145002;;4,016843914;;3,483693445;5,500156928;;3,672580765;2,33544638;7,286888712;5,880063063;1,38568796;4,491546024;4,236021392;2,337768125;2,373986369;7,863280857;6,49741837;;;5,114762779;;7,374665356;0;3,132562189;2,579571811;6,315864093;7,266056196;6,108283918;5,305457038;6,391469056;3,131634236;6,410210272;6,849175758;7,396190963;4,443521776;2,078354487;2,661432919;4,008127196;8,110322209;;6,805337044;;4,321143607;5,552430471;2,595542623;6,109958609;3,648615928;2,427121349;2,505350642;;5,598819069;4,396146738;5,625467844;4,910575498;5,76462325;8,108440806;;2,836172794;5,516633237;5,900492881;5,670038133;4,787384252;2,556797474;2,128457577;6,820156266;7,74477653;2,226679496;4,860128117;2,11055899;0;4,827310735;2,461764368;6,377296287;0;3,905647326;6,917108049;;5,691656935;;4,438167851;2,246842584;2,992464417;5,389387601;3,104964094;3,36429575;5,952299482;;3,162173928;4,843243542;1,748754933;6,345760476;2,681190558;3,9901075;5,932711682;3,554983898;2,564293971;7,268516423;5,366210582;3,61184589;3,403484111;5,206402727;;2,360793539;3,417377318;3,460439747;4,848546317;6,252953948;2,806569205;5,950165149;7,337243332;1,482358491;7,655788713;4,837576442;3,213711366;7,069256799;4,185262674;0;;3,660561048;6,147106839;;5,026566746;4,039133891;;2,9110716;7,197083523;3,372160772;4,749898261;6,040435512;7,790327998;5,250962261;6,772768524;;5,038709768;6,756729506;4,592775026;4,88644314;2,293977789;2,668170173;7,099257226;2,584946103;4,465397005;2,667939493;6,207325771;6,156015758;6,844075773;5,230080624;;6,180321954;5,538708459;2,261816454;2,646494293;2,615482341;2,928250276;2,221930151;3,705850364;0;2,525083301;2,492006103;;5,171426206;2,612225857;5,34465266;3,464277842;2,612971034;5,13083058;3,304385681;;2,555030392;1,982432157;3,529226282;7,019808945;3,886891889;;5,152337809;4,101802013
2003;;4,651969737;6,316097971;0;4,318030507;;3,732037075;;3,597034739;5,539337085;;3,702444822;2,156906408;7,209935863;5,646471862;1,22347635;4,40972201;4,075436785;2,254491281;2,269144928;5,971344625;6,791172805;;;5,207843171;4,485670692;0,97366111;0;3,072367405;2,509778109;6,968913899;7,262470853;5,907969082;5,276221474;6,305690331;3,130978993;7,573106676;6,690174477;6,14272915;4,229776221;2,180933919;4,988807365;4,010463342;8,28318322;;6,18318837;;4,548797937;5,201621023;2,625341983;5,952541833;3,55302186;2,369333646;2,485430225;;5,785667153;4,384171053;5,679160758;5,12933058;5,843057321;8,081902898;4,573851676;2,831212311;5,018687217;6,030453078;5,692029666;4,738304722;2,516843448;2,135526124;6,511117424;7,886627765;3,669908652;4,83620319;2,25804145;6,630781354;5,686745501;2,586631415;6,506914911;0;3,844581253;0;8,291756278;5,653267556;;4,474264267;2,357338227;2,968238571;5,348690911;2,986060264;3,403364722;6,826357094;;3,382733584;4,653793355;1,755728153;6,43147862;2,661441919;3,592689899;6,029574016;3,300231173;2,665463528;7,264158485;5,558852943;3,569590791;3,841944022;6,966337384;;2,240963734;3,261176798;3,40928355;4,6157793;6,12525334;2,613949821;6,190959798;7,41543889;1,448550613;7,624778242;4,83747759;3,225847778;7,427706207;4,17242452;5,557045665;;3,717671392;1,910548856;;4,392566235;3,327322075;3,789169902;2,484596646;7,271500895;3,293871886;4,66042285;6,271661684;8,349994231;5,238819123;7,512759651;3,969587074;5,225074933;6,581488831;4,645820927;4,89164357;2,410477707;2,574268999;7,284358087;2,601995669;4,553693324;5,68934944;6,457871853;6,747005;6,810927461;4,500360783;;6,451260964;0;2,074949384;3,031827286;2,647953772;3,031404008;2,241635396;3,665753974;0;2,56261579;2,565454234;;5,488291195;2,52902504;3,869226702;3,397795834;2,632007217;4,644294846;3,250695901;;2,512696512;1,943867276;3,568156887;7,280974596;3,789605081;;5,023617493;4,175927112
2004;;4,11880481;6,600610114;;4,104993577;7,523333947;2,609681201;;3,511136181;5,329263676;;3,806136628;2,229676174;6,735163477;5,017696179;1,052821125;4,400417432;4,194260314;2,159348247;2,240210388;5,546950646;6,855130592;;;5,330298398;3,774360379;0,976242385;0;3,036949317;2,455421373;7,03567224;7,250170621;6,445597925;5,458439805;6,354628997;3,10323063;7,349611693;0;0,518649477;4,698670533;2,230038866;6,780986206;3,843525945;8,015643807;;5,839067458;;4,117019309;4,254126647;2,619747287;5,958047795;3,654109977;2,380069701;2,513678744;;5,805824695;4,369336399;6,066903984;5,104104486;5,702810859;8,225963122;2,353475399;2,835469783;5,530596862;5,157292448;5,578544418;4,547452337;2,368709402;2,145118288;7,041976271;7,424474574;0,917744135;4,788871376;2,245501268;7,539701918;5,251386888;2,561879236;6,466484275;0;3,690864947;7,635517008;8,410683505;5,796865844;;4,569556977;2,385026228;2,98303716;5,22827989;2,531050667;3,382822378;6,702092824;;3,454010566;4,793396443;1,748964237;6,354188753;2,627780273;3,411244152;6,151881396;3,19885316;2,724898244;7,384962874;5,420389403;3,256769011;3,356553099;0;;1,964174896;3,278812037;3,382029155;4,436175828;5,787204143;2,687213316;5,879564066;7,129108937;1,338122787;7,675779792;4,789646425;3,220037299;7,328705137;3,872724812;5,090764742;;3,621922042;1,396896328;;4,945920887;0,884541736;0;2,406612333;7,16302083;3,274826178;4,776015569;5,838165693;0;5,391207377;7,048367371;3,873232624;5,056447309;6,313324837;4,654960159;4,752628308;2,38669096;3,167046989;6,278935057;2,530499478;4,566674486;6,190810762;6,318071191;6,834682919;6,597699542;3,365034145;;7,959391627;0;1,995795692;2,724496062;2,662656646;3,16352937;2,23961358;3,659980586;15,90651292;2,542945365;2,594269053;;5,198562105;2,503458966;5,287679355;3,625036555;2,701293585;4,674632666;3,293735068;;2,422430518;2,058385898;3,581128156;6,848095091;3,850893324;7,780163514;5,616006891;4,18360771
2005;;4,217103397;6,695668928;0;0;7,942675471;4,439668545;6,878815511;3,393963831;5,648396592;7,825696803;4,067094235;2,217636323;4,6009509;6,07177692;0,926869608;4,397757348;4,771592458;2,061625244;2,188926877;5,458168688;6,285418688;;5,579234712;5,621470747;3,337404375;1,050007407;0;3,040838598;2,396405002;6,961074519;7,214365062;5,937491546;5,464770371;6,84977402;3,137915912;7,072774397;0;0,323227591;4,736139813;2,228236535;6,060361117;3,971772041;7,318325093;;6,240984597;7,112628181;3,367577036;3,862521252;2,500672291;5,871550084;3,562887978;2,302964402;2,613981894;;5,570751916;4,15631423;6,139299405;4,426238828;3,583435121;8,200138159;1,19763019;2,565465941;5,193704954;4,215701451;5,528015321;6,676393319;2,540414752;2,113279826;6,701504329;7,692627753;3,36056633;4,677485209;2,101457828;5,354196509;1,878179319;2,509794506;6,185964384;0;3,617602754;6,977655359;8,482367255;5,745226811;;4,67633239;2,477685151;3,019496868;5,118613025;2,490838726;3,500370688;7,065107849;;3,232515627;4,863996244;1,727884443;6,216398902;2,642938177;3,390538598;6,252773741;3,170327683;2,63693163;0;4,948430938;2,829482213;3,18424506;0;;1,80806169;3,273098306;3,243589168;4,039486194;5,934008634;2,752445913;3,98311739;7,240136758;1,540306553;7,737013053;4,917287242;3,266806982;7,849276545;3,573626659;5,196030497;;3,622496371;1,427328615;;4,478274167;2,563237648;0;2,437106307;7,164919691;3,269444805;4,666070495;4,607582965;0;5,507128062;7,112464221;3,832572963;5,000234515;6,245328588;4,507917147;4,528469396;2,363152574;2,479978685;6,660236526;2,348779954;4,542154816;5,926839466;6,471259559;6,488908646;6,733959769;3,226137397;;4,872948181;0;3,958737945;2,541360227;2,703033555;3,195589014;2,187965669;3,685670987;7,904781923;2,508879096;2,646836664;;5,034675867;2,433620322;4,768058867;3,532239963;2,623685539;4,806289991;3,316395334;5,98578176;2,532544166;2,083704033;3,620625101;7,16537137;3,87322734;7,721044014;5,707746996;3,430807005
2006;;3,944038487;6,739062484;0;3,541809131;6,806504948;4,496692492;0;3,370556238;5,249458711;7,819968719;4,183134771;2,198301299;5,354931407;4,032875287;0,809435087;4,568791511;2,490938831;1,85376355;2,143084077;5,824972856;5,705025005;;4,598319632;5,854870652;3,470901836;1,181799039;0;3,07237225;2,334509799;0;4,268599743;0,426740799;5,556937181;6,069295869;3,093307236;8,202554117;11,53348128;0,240376591;5,071752894;2,192175877;5,582744859;3,854472774;0;;5,620927651;2,033825758;3,21664604;4,001512013;2,571880574;1,422051499;2,936562934;2,343493982;2,562010165;;5,867036488;4,557369468;6,04560477;3,972721059;3,481444818;8,128029331;0,625071092;2,178660324;5,088121925;2,893864796;5,526713748;4,919562305;2,502423508;2,096901274;6,455286879;7,754774814;5,648618719;4,34388862;2,083119566;6,008309775;3,551503838;2,395141494;6,092358653;0;3,797700187;7,004222837;0;5,413548126;;3,918447408;2,500265222;3,12896869;4,850998993;2,205198595;3,537064837;7,093872189;;3,168528605;4,824782111;1,722579529;5,608633472;2,699389965;3,472767973;6,224052274;3,654665253;2,668545464;7,548626148;3,703644253;2,832897371;3,586351304;0;;1,809051775;3,285941445;3,262369163;3,965128369;5,974239794;2,767940805;6,500862458;7,546559585;1,230829294;0;4,80020405;3,391073833;7,725385275;3,251960441;4,845147303;6,175374044;3,607783055;1,146308537;;5,039252162;1,590347297;0;2,423048707;7,249065498;3,312244495;5,096676854;4,999843276;16,12254343;5,455766343;7,019700184;3,78582159;3,18617478;6,11282536;4,780839164;4,417921129;2,341383371;2,313772911;6,632842427;2,357086529;4,556594993;5,888323858;7,278628454;6,99481825;6,812829504;2,596583644;2,817286725;4,511304085;0;3,985198662;2,715885755;2,676048339;3,297882983;2,179482565;3,707366962;0;2,45042352;2,725703212;;4,824696957;2,496647581;0;3,469030666;2,525437992;4,778079718;3,237888417;0;2,713730796;1,966243823;3,656740966;8,066943436;3,761217696;7,725061325;6,297090634;5,208862059
2007;;3,934994003;6,59213863;0;4,130075953;8,21431543;2,756637558;6,054781192;3,509216147;5,063755266;7,623776827;4,144908651;2,110698502;4,688271105;3,201475018;0,753029786;4,258051294;3,15233866;1,983523801;2,161708725;3,851848924;5,567942165;;4,86013777;5,977069391;3,277718686;1,604539755;;3,097776001;2,207506641;6,768693136;4,986494762;0,588141881;3,440450761;5,107019062;3,104619631;2,475634794;9,454462019;0,173460106;5,154079863;2,213249342;5,774532384;3,824485829;7,876751023;7,779625188;5,362167424;2,845166233;4,369691306;3,962244829;2,472387586;0;2,800134106;2,417923222;2,47902978;;5,760570379;4,18237139;5,917983829;4,378993013;3,447453396;7,77823452;0,380545325;2,126728531;5,458647671;4,310071427;5,203760548;4,748417313;2,499574417;2,105345348;6,741493411;7,70148632;2,769148723;4,287254126;2,219496598;5,87579791;3,309853389;2,323000098;5,662821405;0;3,533505905;7,304200875;0;5,705331379;;3,693897794;3,057761426;3,190920562;4,487526614;2,189625579;3,448529474;7,59427718;;3,159404127;5,024003866;1,738114072;5,484869996;2,873967997;3,604035709;6,045904949;3,616423793;3,068021411;5,267895846;3,250942537;2,896942164;3,245370549;8,05557518;7,755946129;2,176804612;3,336335347;3,662539747;3,989185302;5,84495687;2,703794626;6,619858551;7,502209227;1,37307075;7,074260504;4,754789168;3,476212217;7,619913556;2,850608186;4,535583583;6,055523633;3,580611052;1,123752571;;3,851761149;4,833488396;0;2,361016622;7,414648173;3,40053965;4,589067985;5,511326174;8,069157293;5,289749859;6,303697103;3,549816969;2,07608684;6,038917521;4,722190639;4,711958563;2,294452961;2,43481662;5,550953161;2,321471927;4,46968307;5,475442257;5,632379733;0,775244319;6,760499469;2,840229945;2,53795964;0;0;3,33168973;2,912211405;2,711419871;3,333472037;2,185796987;3,745733856;7,960125898;2,441706488;2,749846784;;4,496495897;2,65415747;5,644544971;3,547191117;2,465042774;4,383850995;3,170819574;5,863133281;2,468848563;2,146765984;3,526188343;6,367427082;3,623643636;6,899341459;5,992779171;3,822015791
2008;6,143618457;3,815925937;6,588931946;;2,409336316;;4,018254218;0;3,537007286;5,098778497;7,354039733;4,632936013;1,903551371;7,943370595;3,507071239;1,238579787;4,681481204;2,995138626;2,181149574;1,971555868;3,262512026;4,109716807;;7,550914542;6,098953467;3,198312054;0,529643509;;3,280296166;2,032534938;5,383469977;5,909404007;2,368764216;5,125656421;4,507750833;3,138652386;6,623931736;6,717419765;0,08293689;4,651208743;1,568207056;6,029377972;3,86822597;7,299727848;7,706203529;5,0549745;1,329920594;3,377031536;3,963754174;2,346692598;0;2,381303206;1,96413904;2,450007686;;5,883568487;3,67736174;6,024723406;3,068161476;3,44269125;6,502004291;1,704261062;1,837265207;3,466409478;4,776504534;3,673451667;5,117742687;1,556126813;2,006917195;6,319510064;7,819610659;1,390645925;4,598158887;1,999152608;5,821761553;2,908578103;1,859970373;5,324707653;0;3,485161746;6,056381203;0;5,429423492;;3,306730781;1,910749778;2,27639865;4,371038828;2,083535703;3,597200321;7,132428773;;3,009566394;4,201521351;1,681737254;5,276350688;2,352003156;3,610836333;6,161218522;3,764111963;2,111969444;5,674722523;5,327407346;2,507704228;3,348338001;1,606152211;7,772787054;1,750360071;3,191430161;3,159875752;3,543979003;6,214679268;3,433576442;6,793579236;7,287905408;1,303277627;4,768867869;4,719920676;3,396805608;7,98882816;3,004260813;0;5,468228802;4,043354252;5,885267754;;4,438858967;8,341983643;0;2,097060444;7,286036989;3,499500192;4,627189407;5,963216175;7,862245669;5,448222092;6,255498283;3,73968429;2,136865463;5,93597867;4,595644584;2,57938125;2,08182832;2,063242687;6,933515337;2,108342266;4,516724095;5,669758807;5,587390223;7,482379065;6,914013832;2,223784591;2,459876133;7,296219499;0;1,648903627;2,044077217;2,552324328;3,363293929;2,018355656;3,804359503;0;2,02476787;2,789510567;;4,359397072;2,388795698;4,159296322;3,610053734;2,403920817;4,23262802;3,382278087;5,988051711;2,45403994;1,82245771;3,646917447;6,263153336;3,526648224;6,763028029;6,313681651;3,723380947
2009;6,099616261;3,651686705;6,328010259;;2,764921033;8,299507084;4,582272038;7,257468175;3,619286992;4,946709518;5,938435783;4,66613684;1,917682625;6,979398823;2,985698554;1,15562604;4,752503293;3,90071202;2,005634214;2,085075833;4,202620512;4,828045817;;5,827238339;5,952896133;3,14667248;0,616872816;;3,361751021;2,023183063;6,739222317;5,06443238;0,68245633;5,636103543;5,063192079;2,960732364;5,852719609;7,26381069;0,096156605;4,845498302;1,607972035;2,331324639;4,20510956;6,892887613;7,286443869;5,389450091;2,230657837;4,289914705;4,40873896;2,33818809;0;2,672107853;2,089592843;2,444224331;5,180107815;5,78803439;4,154408822;5,487428547;2,081182877;3,284645996;5,926744461;1,410334821;1,716710303;3,932210463;4,950000154;3,434213187;4,674397699;1,944480193;2,104719462;6,377490072;7,611455883;1,826244045;4,406539589;1,970260563;6,487087689;1,195465456;1,898586203;5,717062724;;3,649113059;5,810883515;0;5,576529835;;3,731262735;1,879377362;2,084707749;4,110663606;2,562254122;3,558899467;6,370157613;;3,317942087;3,074991867;1,728623677;4,481287689;2,293597615;3,543948382;6,055297886;3,466553735;2,311973682;4,994026997;5,566284506;2,454929244;3,783265704;2,733474245;7,843754137;1,76627493;2,950773139;3,93470991;3,194482509;6,005582076;3,302395761;4,555126648;0;1,594262612;5,304840609;4,473272566;2,406087867;7,766821585;3,336447323;0;5,0933134;3,493969518;4,87853332;;4,120564786;6,964221434;7,521864185;2,167262054;4,060247452;3,448056654;4,6768047;6,195844039;7,483192817;5,099436048;6,008671081;3,586155885;1,301433293;5,901951774;4,783672922;2,795603041;2,098903661;2,092891698;2,829633087;2,124765118;4,497658741;4,977576107;6,082239381;6,787573175;6,54627996;2,386895532;2,522468377;0;0;1,654815664;1,943433285;2,675924881;3,289199189;2,119369591;3,734681208;7,776181925;1,969921525;2,945566842;;4,676014118;2,439640822;4,009119335;3,051822684;2,323785943;3,269675337;3,019805473;0;2,740298189;1,990874695;3,977125958;5,271963391;2,935560284;7,02927068;6,035249156;2,728295879
2010;6,305763972;3,472533781;5,992420858;;2,751932022;8,291524228;2,485704435;3,88594824;3,764058599;5,178038201;2,430193993;4,89847701;1,960673458;7,464536919;2,934000417;1,063629487;4,723495184;4,280217041;2,247803055;2,020909082;3,329314705;4,947211942;;4,401323114;5,888076862;3,10711832;0,561336416;0;3,636044185;2,106836039;7,221510446;6,211842589;1,166289541;5,371768789;5,169259039;3,113966806;7,415340676;7,106332381;0,070503525;5,107436696;1,659049646;6,523822812;4,68603908;6,090687855;7,226982431;5,270889512;5,1310518;3,336854947;4,702126524;2,248720349;0;2,449869578;2,116280411;2,52830276;1,38319536;5,675846222;3,945700031;5,640283028;2,029586916;3,260943886;6,433110892;1,987167877;1,653078899;4,010401184;4,892399719;3,663201543;4,810849756;1,832553312;2,165962281;5,448845952;7,500851084;2,042596072;4,666531696;2,004715729;6,190399928;0,565601941;1,821187064;5,999703256;0;3,64345466;6,074564231;0;5,679955618;;3,709869286;1,866164957;2,015268234;4,455708392;2,277030756;3,567618722;6,607230937;;3,400613526;3,407307748;1,650095678;4,153010332;2,342387246;3,645660289;6,268480072;3,559212704;2,312445953;5,047146872;5,544299148;2,477728237;3,784422357;2,273321807;7,837848327;1,626407267;3,013654273;2,840562907;2,700797735;5,259799594;2,47150733;4,973475195;6,908497294;1,117898085;2,334075601;4,267172695;2,631377141;7,793234698;3,153437951;9,11952327;5,170035019;3,698474998;5,529636689;6,389421099;4,13699919;7,133933992;3,830668207;2,063007195;7,23257507;3,570415096;4,943139014;5,227155451;6,06535995;5,217543574;6,221487354;3,596861993;1,396853822;5,901602385;4,75759049;6,319765193;2,039805926;2,09138055;2,436260263;2,042830743;4,534148625;5,419223798;5,608475257;5,971774094;6,703554566;2,605217271;2,630733826;6,856252753;0;2,018632531;2,013780184;2,643465173;3,053003992;2,069262974;3,785699264;7,854208264;1,936713808;2,963411788;;4,290013293;2,441518505;3,785330967;3,066383863;2,208463984;3,236850739;3,031493081;0;2,478690012;1,899641838;3,901086858;5,582638063;2,784339299;6,816245824;6,182753023;2,926656189
2011;6,513007056;3,404337554;6,030256681;;2,962199752;8,293354812;1,71453998;4,07306136;3,844803133;5,191952047;2,581652995;5,000479986;1,961752827;7,408527979;2,794350461;1,298838139;4,790331972;2,439269665;2,25638251;1,944227559;2,96923905;3,768499751;;4,093598523;6,02284318;3,132336454;0,377867002;;3,791965666;2,133359022;7,545399114;5,857578969;1,326573575;5,109553739;5,053261543;3,187965072;7,714192461;7,070245124;0,079856225;4,939084716;1,60998822;6,512515858;5,07687345;6,84530736;7,662052001;5,492774165;2,916662219;2,749149753;4,865940922;2,153859364;0;2,302001435;2,173767336;2,520150111;3,484296322;4,76229586;3,605676511;5,747811672;2,194189086;3,313218253;6,124051268;8,193375812;1,520760099;8,012647055;5,054389887;3,182981837;4,81989504;1,826130966;2,133218692;5,715472328;6,982147071;0,945601063;4,734135377;1,992747125;6,482592166;1,170424532;1,661110256;6,011235723;;3,754953816;5,904002284;0;6,059067052;;4,470296364;1,993677737;2,07107982;4,062901571;2,236856414;3,467756439;6,552647069;;3,425973067;3,535186477;1,665484182;4,3090284;2,311172092;3,759286956;6,25239983;3,183817271;2,220803181;5,754012219;5,229668421;2,384269314;4,120874278;2,874040675;7,474335232;1,608227219;3,026609753;2,636410056;2,82756503;5,033651905;2,440851443;4,669834037;6,532238701;0,810652438;4,578131287;3,726131489;2,859356906;7,960558005;2,789558441;1,99294261;4,619089611;3,850241253;1,14969809;5,755171917;4,211527471;7,449533262;3,803243805;1,316329121;6,525204024;3,659829593;5,171710387;6,571170766;6,222419369;5,284286074;6,151907883;3,520458133;1,261050095;5,931469821;4,600776282;3,717547871;2,024152372;2,093972712;2,048883075;2,042716321;4,58655948;5,044440514;5,520200262;5,051312208;6,929813279;3,023100955;2,666327544;3,507664464;0;2,075384401;2,066934877;2,603709873;3,366929423;2,060997426;3,733957695;7,026349389;1,941108138;3,001277323;;4,22695542;2,422009693;3,776714026;2,895476606;2,149325758;3,469842869;3,112119025;0;2,63749728;1,90080455;3,964260181;5,593516041;2,601022685;6,855111996;6,041341234;3,421525202
2012;6,166354693;4,029348634;6,601747226;;2,856447295;8,3534239;2,287426997;4,083042901;3,945444334;4,749971431;2,734296616;4,87905675;1,994443901;7,29051309;2,553176778;1,465517909;4,796764131;2,785518508;2,945431305;2,041551595;3,887281559;4,129020432;5,095716724;5,417557363;5,553185007;3,104655242;0,259858698;0;3,675144363;2,490763187;7,481204547;5,906295541;0,936249109;4,723722288;5,1959697;3,271027064;6,66160876;6,781398698;0,109209337;4,969123061;1,602144321;6,889112857;5,281567962;7,583545011;7,59265478;5,756965776;2,969711219;2,683198917;4,377252472;2,504157504;0;3,311820868;2,215466478;2,573974954;3,739384869;4,589593747;3,342757396;5,79178376;2,266326586;3,103043591;6,275587412;0,012693345;1,646285944;4,979991015;5,168139377;5,000496157;4,778612415;1,98237619;2,229227177;5,855293779;7,16067673;0,632033452;4,453830109;2,052473226;5,722152162;3,13692659;1,975976131;6,338482111;0;3,694443614;5,710733614;0;6,385614118;;3,805602274;2,220895767;2,240439556;4,847457397;2,112576625;3,320260887;6,528965589;;3,524529421;3,410001718;1,796790438;4,262442985;2,398485057;3,608364948;6,121693347;3,190731677;2,215595529;5,892299051;4,011775378;2,40334016;4,068600507;2,995228013;7,594128127;2,086699877;3,066528312;2,817935281;3,039279095;5,256271213;2,352829304;6,613605378;5,515628774;1,119243426;3,070814121;3,770461579;2,845225202;8,08339981;2,886315596;2,114522857;4,466565541;3,77147726;1,177677456;5,371884233;3,931780865;7,461147417;4,022678375;1,875257134;6,68111716;3,625620783;4,523164869;1,146360499;5,937736929;5,511267068;6,398618844;3,522900768;1,307864413;5,692264383;4,643086652;2,821671056;1,965662355;2,132154631;1,753476321;2,289158337;4,311222914;4,102258462;3,641319771;6,544419223;7,235799421;2,64300932;2,57528548;5,328171587;0;1,980802946;2,286773264;2,620584248;3,359310898;2,117404701;3,598325209;7,49614705;1,994412113;4,102167661;;4,098340295;2,459881487;3,493822624;2,73149557;2,485189516;3,47745243;3,223208593;10,42366927;2,694845349;2,035762329;4,211989021;6,105581504;2,371544119;7,306827412;5,53273095;2,796484162
2013;6,496610915;4,283737637;6,25153833;;2,705349182;8,305794765;3,41352834;3,868393111;3,407058653;4,931329128;2,127176158;4,778722437;1,931118112;7,249484997;3,137992825;5,429330269;4,640894926;2,513726125;1,995436745;1,874633585;4,303524558;4,651508509;4,863370526;6,224494529;5,925123361;3,036522176;0,233082821;0;2,783994276;1,984273471;7,096233967;6,450949332;3,405665284;4,421784027;5,903319761;3,195302555;5,096607767;6,873459902;0,113766656;4,673911803;1,483716608;6,656095962;5,141201704;6,286046678;7,439955848;5,683783906;0,056990563;2,118175515;4,691942505;2,021074694;0;3,535715705;2,130290649;2,525850715;2,521151399;3,872541292;2,056064871;5,938024315;2,385517839;2,896937516;6,014149938;1,556254613;1,563214539;4,005119912;4,866774351;0,659105805;2,001672985;1,797023927;2,140059449;5,683814848;6,99387335;0,532999441;4,246505225;2,028747464;5,399971094;0,240403975;1,370419062;2,544412089;0;2,517875401;6,840690108;0;6,338275463;5,026723072;3,244134018;2,359076917;2,244890199;3,424067319;2,269003054;3,149501684;5,837447264;;3,452364141;3,269791585;1,723855134;4,20938839;2,394128122;3,569055175;6,327758682;3,072240408;2,026830474;7,516936904;4,490937023;2,029788144;3,029107005;3,17239088;7,203621997;1,419888925;3,073815904;2,794992122;1,236532974;5,133258198;2,411833635;5,151766967;0;0,934007091;0,001258045;3,278729166;2,768138684;7,913658499;2,838419565;2,953109668;3,077427252;3,687727054;1,356835042;4,918544902;3,289270832;7,444995653;4,024984808;1,431320623;6,090115067;3,728613514;3,510974317;4,378997992;7,110110998;5,065063746;5,792230223;3,443772176;1,311961382;3,706619922;4,242961171;2,51738421;1,828002398;1,882409889;1,585228589;2,043569852;3,955114833;4,020767266;3,019345016;4,614063953;6,914726591;2,325043057;2,701560883;5,640899663;0;1,625693368;2,11967496;2,521336684;3,152964384;2,029701559;3,70557026;7,242883639;1,874204564;1,836241419;;4,360183825;2,267215556;3,185810232;2,719518;2,119197215;3,28297902;3,191189576;5,983216159;2,969828707;1,860677254;2,654205131;7,299306992;1,94986238;6,383757561;5,522956725;2,928713275
2014;5,99430004;1,390138597;5,438984784;;2,905076503;8,259543433;2,644679232;1,723215555;3,447121288;4,936664976;1,160757912;4,812616435;1,893126376;7,266328201;3,312811736;1,030896249;0;2,488206207;2,059722218;1,965228399;4,096328571;3,578548475;2,272429519;5,757612432;6,192825471;2,975307314;0,173029183;;2,855235177;2,075505784;3,685087566;5,280336623;3,308418778;4,577340234;5,532697816;3,291721596;7,064642846;7,497750263;0,067711339;4,525518199;1,501302749;6,674755136;5,250933298;5,335147074;7,220600674;5,956049896;0,180468188;2,387475775;4,398981973;2,027943354;0;4,417179658;2,181089089;2,454477634;2,034034826;0;1,829010211;4,753012344;2,802584553;2,807041137;5,920294866;0,133695265;1,548468203;4,406960733;5,12859879;0,580152792;2,097904135;2,022392327;2,152139414;5,902490871;7,78457436;0,183937711;4,344785865;2,066750416;5,791598156;0,741787366;1,382274519;2,159404028;;2,308878543;6,752939327;0;6,426516622;5,639585016;2,617529333;2,059061802;2,419949957;3,189466606;1,795104287;3,017410824;5,47215098;8,560930958;3,544847012;3,351180599;1,742829225;4,373798313;2,402448435;3,658899899;6,237598781;2,677301008;1,99358464;5,847436797;4,879079837;1,979321028;3,145091846;1,241340693;6,41395744;1,578639466;3,092950093;2,794033547;1,133661521;5,225875094;2,170879681;4,699227646;0;0,986382306;0,285265657;2,872191047;3,075558781;6,354788332;3,028939227;4,7442462;3,865610845;3,681118547;1,279778956;5,092335353;3,523276103;5,596375657;3,713713309;1,24833181;6,01984728;3,813613138;5,220198988;4,465779738;6,619566517;4,88396764;5,725631811;3,448864644;1,568158099;3,811508411;4,011670134;2,513445527;1,816390281;1,937746485;0,296654944;2,042812449;3,685934838;3,44927855;2,678790735;3,693232812;6,52327837;2,347849959;2,714105529;4,906520222;0,520115618;1,592240705;2,149385965;2,498091659;3,027126457;2,024224922;3,383010114;6,783695802;1,830658889;2,386432132;5,941723412;4,188024996;2,229770493;3,620916314;2,660222662;2,143189789;3,302238738;3,317134041;5,598687925;2,579757647;1,890443383;2,747120968;7,713090249;1,879401521;5,620837948;6,19226128;2,767602546
2015;5,730742524;2,646535802;5,507734833;;2,878097919;7,952524352;4,297682023;1,643380205;3,411371429;4,893190219;1,095091302;4,446249104;1,908801562;6,00178464;3,330331785;1,472652155;4,738585732;2,932292175;2,162943349;2,03328284;2,387494467;4,825611125;4,272740892;5,405748566;6,057524283;2,96230536;0,257383166;;2,697444864;2,114939636;6,452237545;0,399743029;3,79662799;4,221310044;5,633934255;3,023851127;5,996962575;9,519896708;0,194862648;4,650364809;1,404717652;6,039617276;4,640237027;1,328072038;6,97231468;5,494662033;0,020196762;2,982075867;5,057672576;2,050973595;0;1,896051119;2,182656662;2,448782543;3,565227284;0;2,297554535;3,542147595;2,425798151;2,699023325;6,047960285;0,022106535;1,575948623;4,370608472;4,089231075;0,619461578;2,247743133;2,310260178;2,203010393;5,74466655;7,39734353;0,343335228;4,301231842;2,146064073;5,467410205;0,579337371;1,671744981;1,829136246;;2,173039231;5,052445755;0;5,005551747;5,241165828;3,097316448;1,926836341;2,519979306;3,36703785;2,010590957;2,999437156;4,708992058;8,31444063;3,611624942;3,372185595;1,748756976;4,887031247;2,461801623;3,855794516;5,70408672;2,786046922;2,028837375;5,336449764;5,072351068;1,804828006;3,123529758;1,93372935;4,816014799;1,573830493;2,667841538;2,813205443;0,986119783;4,884663608;2,065095192;4,351868567;0;1,089217233;0,241226708;2,801792363;2,628669866;0,009747932;3,069382393;5,099827992;3,856366158;3,781568002;1,130389465;2,027557606;3,526313631;4,67308692;3,655914523;1,547261863;4,953587282;3,634978149;3,545601902;5,214937302;6,790592297;4,564635776;5,521466754;3,399362624;1,580777209;4,070909387;4,329563914;2,462552789;1,822210678;1,986776424;0,240933912;2,156110234;3,71537558;2,519462109;3,172899697;4,711542272;5,71423835;2,685125558;2,693928692;4,881742187;3,462012077;1,463383326;2,271715057;2,52829211;2,989221456;2,089128351;3,480877734;7,463037549;1,913733398;2,429497897;5,870315338;4,213351599;2,280127007;3,785743603;2,700120607;2,276058797;3,326822403;2,920075889;5,313559241;2,509114347;1,976484411;2,958575507;6,455338845;1,699430792;2,828547285;5,169526134;3,517785351
2016;5,076467393;3,417965206;5,571308308;;2,674125794;7,810152422;2,261997879;5,088677;3,446269638;4,732883191;1,293573811;4,543611099;1,953515629;6,824281004;3,83179511;1,570821528;4,642850231;3,100270154;2,295708948;2,084991592;2,737028839;4,935537576;5,313585524;5,98966305;5,771893285;2,932169772;0,196268764;;2,678390082;2,021585259;6,675253959;5,183944333;3,749651251;3,836720984;4,728071163;2,996145267;7,458401139;6,368169838;0,146786238;4,458570703;1,361747436;5,281693903;4,160070292;0,634857958;6,728363696;5,279934745;0,356116057;3,045321401;5,008132772;2,106533175;6,713038285;1,636831556;2,188153078;2,471384776;4,784521212;9,910985846;2,21188571;3,094125005;2,260410317;2,641205971;6,342049862;0,724947688;1,587029926;4,532618052;4,17328733;0,542483242;2,417654115;2,246446636;2,246429292;5,549969433;7,079865492;2,411120348;4,43688217;2,158913022;5,434309644;1,280552523;1,701660706;2,125813685;;2,199390597;6,497668889;0;6,383572291;5,670391635;2,755778793;1,947972013;2,496499886;2,969811169;2,0884105;2,974464606;4,96817293;7,990641791;3,411288041;3,382575961;1,77582727;4,297945075;2,489146583;3,799110187;5,40834624;2,867860605;1,998104551;5,69975332;5,32862052;1,921792212;3,751915198;2,537934331;4,180127125;1,67567345;2,782414197;2,744545151;1,007600281;4,977017005;1,939917563;4,66527128;13,42083365;2,359816277;0,081248849;2,910685782;2,6681142;0,042386195;2,650304597;4,102051063;3,557804561;3,526171873;1,053322857;2,416759424;3,45394889;5,752313559;3,433914265;1,561174466;5,50222098;3,599640719;3,985162562;3,849983355;7,698547785;4,294050194;4,210928669;3,454643042;1,525883619;3,945826563;4,576536132;2,438643109;1,819511894;2,035885424;0;2,1599457;3,744008928;1,903194243;3,487978295;3,838931318;5,74283196;2,204164988;2,616015088;6,580145103;2,441181134;1,456833268;2,366438424;2,546051295;3,065287006;2,126861749;3,386156543;1,549630274;1,937691439;2,403944733;5,826727365;4,876970688;2,329627972;3,803559608;2,651429229;2,337889714;3,507532966;2,929075241;5,575301807;2,316983166;2,023646635;3,286527583;6,425691703;1,560652342;6,241969421;3,600025619;3,009907298
2017;0;1,910000874;5,448127908;;2,787327212;7,606440892;2,225223213;3,752801489;3,388284952;4,988846726;1,762442979;4,738128953;1,926830897;6,810561726;3,446590837;1,58345855;4,619072215;2,61030029;2,23448179;1,98830736;2,280061351;5,352070274;4,594289943;5,967697644;6,005587058;2,941688696;0,283207226;;2,74888405;2,098309255;6,60765102;5,837627705;4,845614654;3,536089657;5,456707204;3,003344717;7,416921953;3,050070907;0,168781642;4,647695217;1,357823044;5,464396629;4,556177497;0,683194432;6,578607774;4,21429012;0,103272089;3,002530113;4,941818969;2,092767485;4,906657468;1,918521766;2,201360367;2,383336784;2,986517407;4,868828183;2,072379815;3,208756875;2,227310393;2,469396742;6,182493091;0,038976328;1,629231095;4,646568289;4,309063003;0,56920155;2,446219618;2,350381866;2,188525089;5,566787407;6,858354077;3,520051689;4,451682214;2,073787477;6,168800299;2,666473304;1,581815844;1,971656673;;2,256905271;7,063625655;16,9965396;5,035071852;3,696343689;3,371027735;1,920052524;2,426924853;3,50587196;2,005201593;3,075941743;5,329392903;8,001729688;3,374902227;3,302973182;1,763031606;4,31246903;2,421429653;3,845382778;5,666655135;3,099983485;1,879881279;6,00620948;4,775192429;1,974282242;3,403026473;2,550633539;6,842556793;1,580750241;3,066738585;2,659195902;0,851588412;5,279391584;1,889382804;5,476208262;5,891250543;1,279251311;0,007484215;2,995020494;2,756275865;0,002295982;2,589017055;3,071431569;3,609305309;3,52697887;0,890065801;1,703150583;3,712437252;5,367424317;3,56653665;1,477719045;5,344653094;3,810369438;3,975891161;2,689872325;7,608038466;4,415669943;4,683133761;3,510566167;1,671345674;3,70172077;4,623198504;2,211514704;1,840564604;1,986514571;12,15146246;2,172268935;3,653425706;2,368227647;3,503346205;3,021936504;5,505040015;1,802009578;2,633926672;6,083161664;1,472688709;1,511739406;2,281150308;2,522712827;3,109009366;1,997959571;3,30822604;1,291245581;1,986905799;2,56502554;5,776861391;4,780432232;2,272041885;3,713798143;2,593111397;2,286695674;3,956950301;2,946877402;4,464433212;2,352776967;1,978584918;3,240991565;6,703261809;1,417703536;6,128654252;2,569971034;2,965995358
2018;5,605861029;1,415832466;5,303743147;;2,618509044;7,406018458;1,983538955;4,537711488;3,732403398;4,694105486;1,761712559;4,841095351;1,905032766;6,889178763;3,179733032;1,427717784;4,612352515;2,592643456;2,08596082;1,760396884;2,521452356;5,372354938;2,58729841;5,372675785;6,032910619;2,823907883;0,242824415;;2,812777502;2,053495762;6,686554958;5,605297392;5,005808009;3,139616688;4,756481085;2,998605016;7,611983091;4,491342834;0,087478686;4,622775687;1,302645368;6,208602159;4,567956208;2,385242266;7,637796297;4,374354113;0,18595183;3,181785085;4,785667488;1,759287274;1,48955754;2,521530605;2,162422707;2,362196713;3,114470734;3,58518603;2,094078233;3,480282899;2,060130658;2,56949919;5,956466786;-0,000968024;1,248738133;4,453450939;4,306887744;0,609432098;2,637030601;2,226552644;2,133667455;4,945236954;6,829987422;1,100903991;4,263371893;1,926715018;6,023633993;2,318306977;1,556669449;2,141618279;;2,411532564;7,164038722;7,362172261;5,432181146;5,590102598;3,286258196;1,729863104;2,308597867;3,251781495;1,878475092;2,937003412;5,417394193;8,039208236;2,800530691;3,049080779;1,660929525;5,293349461;2,297201691;3,81149151;6,064684876;2,915760692;1,574525329;6,214551519;4,498971712;1,650314268;2,823037881;2,900468282;7,477845964;1,567682688;2,893456545;2,710571832;0,790948047;5,540025853;1,728941132;5,353240209;7,919245251;1,30045025;-0,000163527;3,264379998;2,895284202;0,002807734;2,769625403;2,805128032;3,147835937;3,363307674;1,606582949;1,838631176;4,133901094;3,482925274;3,722713104;1,42490554;5,597735856;3,432732907;3,811510525;2,889250636;7,587186542;4,66177807;4,874999914;3,439434471;2,467998578;3,687974524;4,496068178;3,99745129;1,780279788;2,001638763;6,150126603;2,202710268;3,75468344;1,933293566;3,408079257;1,981969554;7,052137563;1,824498559;2,585141358;4,007299333;1,888640662;1,583235451;2,469646794;2,413511538;3,098776868;1,956265161;3,086941321;1,697527978;1,839308256;2,149645115;5,862361132;4,649403937;2,189373842;4,024798756;2,70446636;2,068019548;3,883648519;2,967792343;3,878137794;2,456470106;1,998564267;2,991352832;6,689006816;1,411112233;6,132801508;2,223645798;2,718848271
2019;1,106733647;2,843210703;5,038300804;;1,326819928;7,665702567;1,27076956;0,725436541;3,71107618;4,691071225;2,312224533;5,049983922;1,895667693;6,433121985;2,300690378;1,482493799;4,57348099;2,410833181;2,371544217;1,738398623;1,225760295;5,516063409;1,189253306;5,292731487;5,95638926;2,719088485;0,202817612;;2,925997328;1,920027089;6,837554095;5,618052839;4,955006988;2,27633367;4,549267148;2,984518857;7,977813353;5,553364379;0,077487889;4,553534677;1,290042537;5,960788792;4,430688216;1,814874645;7,305932582;5,172023452;0,002659201;3,24942512;4,840698865;1,836302048;2,333138015;1,580843139;2,118327994;2,490952211;2,241049757;3,329704096;2,199931685;3,280041085;1,84960511;2,495186852;6,37760379;-0,00015147;1,275941299;3,319536645;3,690277001;0,52249195;2,611276537;2,192425253;2,198612009;4,240401459;7,315840769;0,490556556;4,55223184;1,933211583;6,213189793;2,461540575;1,664798686;2,488169169;;2,306053764;7,032877076;3,253847716;2,355631265;5,547635058;3,697175394;1,589020203;2,274884092;2,780190005;1,872669888;2,80691622;5,129359238;7,753528098;2,498101389;2,879926128;1,753636267;4,639402021;2,288764892;3,800577232;5,833710932;2,666799303;1,620529799;6,267070862;4,862305653;1,572253694;4,010673025;2,082362699;7,392181803;1,590703658;2,563319511;2,73463232;0,955139597;5,071557053;1,685986367;3,486496491;8,069961495;1,118087852;0;3,154637841;3,599996593;0;2,815851354;2,509808571;4,005964579;3,290852989;2,41026665;2,045763409;4,053052851;2,110741362;3,839847997;1,379519049;6,051879172;3,536310165;3,910868852;1,932140043;7,232588758;4,255774533;4,929085384;3,371348198;0,938606515;3,68418239;4,460197302;1,87728375;1,872059304;2,069389754;6,243473746;2,215980509;3,660696221;1,520812316;0,650121683;1,173903006;7,220963511;1,60864805;2,642058099;4,986906723;0,300604777;1,558001846;2,417978859;2,549922279;3,104925253;1,999238389;3,260095124;2,503429712;1,867418335;2,173290968;4,356427656;3,991620059;2,205626055;3,570385047;2,659797867;2,003795095;5,921493412;3,069326152;3,600007999;2,400300912;2,034118184;2,978039638;7,4071;1,38275962;6,470206871;1,675186639;3,089586423
