"","year","Afghanistan","Albania","Algeria","American Samoa","Andorra","Angola","Antigua and Barbuda","Azerbaijan","Argentina","Australia","Austria","Bahamas","Bahrain","Bangladesh","Armenia","Barbados","Belgium","Belgium-Luxembourg","Bermuda","Bhutan","Bolivia (Plurinational State of)","Bosnia Herzegovina","Botswana","Brazil","Belize","Br. Indian Ocean Terr.","Solomon Isds","Br. Virgin Isds","Brunei Darussalam","Bulgaria","Myanmar","Burundi","Belarus","Cambodia","Cameroon","Canada","Cabo Verde","Cayman Isds","Central African Rep.","Sri Lanka","Chad","Chile","China","Christmas Isds","Cocos Isds","Colombia","Comoros","Mayotte","Congo","Dem. Rep. of the Congo","Cook Isds","Costa Rica","Croatia","Cuba","Cyprus","Czechoslovakia","Czechia","Benin","Denmark","Dominica","Dominican Rep.","Ecuador","El Salvador","Equatorial Guinea","Fmr Ethiopia","Ethiopia","Estonia","Falkland Isds (Malvinas)","Fiji","Finland","France","French Polynesia","Fr. South Antarctic Terr.","Djibouti","Gabon","Georgia","Gambia","State of Palestine","Germany","Fmr Dem. Rep. of Germany","Fmr Fed. Rep. of Germany","Ghana","Gibraltar","Kiribati","Greece","Greenland","Grenada","Guam","Guatemala","Guinea","Guyana","Haiti","Honduras","China, Hong Kong SAR","Hungary","Iceland","Indonesia","Iran","Iraq","Ireland","Israel","Italy","Côte d'Ivoire","Jamaica","Japan","Kazakhstan","Jordan","Kenya","Dem. People's Rep. of Korea","Rep. of Korea","Kuwait","Kyrgyzstan","Lao People's Dem. Rep.","Lebanon","Lesotho","Latvia","Liberia","Libya","Lithuania","Luxembourg","China, Macao SAR","Madagascar","Malawi","Malaysia","Maldives","Mali","Malta","Mauritania","Mauritius","Mexico","Other Asia, nes","Mongolia","Rep. of Moldova","Montenegro","Montserrat","Morocco","Mozambique","Oman","Namibia","Nauru","Nepal","Netherlands","Neth. Antilles","Curaçao","Aruba","Saint Maarten","Bonaire","New Caledonia","Vanuatu","New Zealand","Nicaragua","Niger","Nigeria","Niue","Norfolk Isds","Norway","N. Mariana Isds","FS Micronesia","Marshall Isds","Palau","Pakistan","Panama","Papua New Guinea","Paraguay","Peru","Philippines","Pitcairn","Poland","Portugal","Guinea-Bissau","Timor-Leste","Qatar","Romania","Russian Federation","Rwanda","Saint Barthélemy","Saint Helena","Saint Kitts and Nevis","Anguilla","Saint Lucia","Saint Pierre and Miquelon","Saint Vincent and the Grenadines","San Marino","Sao Tome and Principe","Saudi Arabia","Senegal","Serbia","Seychelles","Sierra Leone","Europe EFTA, nes","India","Singapore","Slovakia","Viet Nam","Slovenia","Somalia","South Africa","So. African Customs Union","Zimbabwe","Spain","South Sudan","Sudan","Fmr Sudan","Suriname","Swaziland","Sweden","Switzerland","Syria","Tajikistan","Thailand","Togo","Tokelau","Tonga","Trinidad and Tobago","United Arab Emirates","Tunisia","Turkey","Turkmenistan","Turks and Caicos Isds","Tuvalu","Uganda","Ukraine","TFYR of Macedonia","Fmr USSR","Egypt","United Kingdom","United Rep. of Tanzania","USA","US Misc. Pacific Isds","Burkina Faso","Uruguay","Uzbekistan","Venezuela","Wallis and Futuna Isds","Samoa","Yemen","Serbia and Montenegro","Zambia"
"1",1996,2.7408400239252,1.32248924668919,1.65852137474319,NA,1.73976261008353,3.00259841136719,2.87350599027329,2.90514307521648,0.228534399949086,0.0499051550422591,0.0305700660846779,2.62642967274746,1.88320615420734,1.73864964391411,3.49007667113619,2.57378593926203,NA,0.00666930679199492,3.038674467841,3.98605578678519,2.15305335902308,1.82576214847626,NA,0.215596345678827,2.94151071938735,4.53259949315325,3.96522169988234,3.3637829458119,2.67630150278763,0.241642044026445,2.28418263663236,3.86710384392382,1.26061384297111,2.75303529701902,2.34348855059121,0.0409034575971608,3.6346578999473,3.56319893596515,3.2876592503391,1.11457479135858,4.46239523448001,0.612969133522748,0.0191459514593593,5.28183614036424,4.6481123802751,0.42590723602897,4.10911587954241,NA,3.16465427070156,2.81634757643335,3.7608091852742,1.33133234042553,0.505949943702507,2.21916438413514,0.690998952021656,NA,0.0763512564181385,3.41596869898247,0.0542301540608605,2.59713330325903,1.44735896241105,0.962298845782999,1.92520707818197,4.22244456484942,NA,2.5997614256653,0.400783999501662,3.72774832301331,2.06758638388483,0.104166485665219,0.00156525173808292,1.88449232801808,6.46049113670589,3.62727779264967,3.03054434175775,2.35372405448523,2.74997250748847,NA,0.0013694612332969,NA,NA,2.04920914388322,2.66781488891031,4.62790967295758,0.151482362862215,2.7408400239252,3.73591163365247,NA,1.53414365913222,3.00259841136719,2.85635291104705,2.37241618749739,2.02967433786258,0.0536111506365765,0.208587253540002,1.23340127944622,0.209310058052859,1.23811033624779,3.87649358427366,0.128544545866466,0.306163969168629,0.00529257336576882,1.67926900693744,1.94825894637707,0.0317802316216383,2.21557371600442,1.66676884417321,0.894534978957093,0.983504708945474,0.0803685998061257,2.05988811645907,3.10185336946253,3.02247978192102,1.3892312207932,NA,0.925127313674653,3.58410562078447,2.87005175540521,0.864386675847879,NA,0.8252552045848,1.58148428508807,1.83062833812743,0.302453389772094,3.71965111278069,2.64828846655996,0.906079118703959,3.13725529651345,1.5423366954038,0.0869580592961406,0.0734014017717176,3.08034716424157,2.22276799163844,NA,4.06259586390752,0.886437768724474,3.2720745193224,2.0341486182575,NA,4.27725280134441,2.01490302054226,0.00686613781319927,1.76685230273019,NA,2.77474157560088,NA,NA,2.85976006936866,3.82143380709063,0.208346434754973,2.34757018891085,2.83948910499504,1.71664655603004,5.17263684839925,5.28183614036424,0.138823965990291,4.30582617378847,4.44558811616363,4.68978507667567,5.13873529672357,1.03334089831489,0.917268727062132,2.53357951878399,2.15981014148596,1.06346029722182,0.559566913274481,5.13873529672357,0.181266395197727,0.143777815346546,4.2091993380994,5.70671933432951,2.321332558694,0.5510504250765,0.309355461239273,3.6199517525576,NA,4.36554540849009,3.6199517525576,4.87637103225608,3.10185336946253,4.22244456484942,3.77775874358797,NA,4.17048482591871,0.974657396486796,1.50466407910463,NA,3.30349071555578,2.32933260136107,NA,0.0822771996856859,0.149437140015447,0.289312596211035,0.994014527176404,0.216566983949646,3.95496519971515,NA,0.309621879250706,1.75096093539356,0.0173540146931516,NA,NA,2.91953181266858,2.75303529701902,NA,0.0411071443276743,0.0376500997052435,1.49589978111104,2.54099611643904,0.276084547016821,2.99085659349051,3.84858479615658,3.97558448691789,1.89744587701847,0.609726471701044,0.899809505690363,0.132331163599584,3.2876592503391,4.33524005899476,4.75574304446747,1.98173487557346,0.665193553213916,0.75172112053865,NA,0.828831426545569,0.00195694778696072,2.30552195266735,0.00117370905492875,2.56104691348461,3.27724248948084,1.32029063825499,2.79053969247747,0.480340349498182,5.76734395614595,4.17048482591871,2.80013976620649,0.808440649140042,3.08034716424157
"2",1997,2.28610386681025,1.4010656784402,1.73753791506142,NA,1.58148428508807,2.87005175540521,2.81962090177832,1.5939186872865,0.183377832932302,0.0388688688993732,0.0277520287930336,1.44735896241105,1.7319977346858,1.38297631377009,1.41223897903833,2.38295369280017,NA,0.00647251450561752,2.84957322406167,3.64958355016397,1.53777672398211,1.252372038076,NA,0.111570700676105,2.44185839621949,4.5886889598043,3.59829025577642,2.45999948329014,2.13635848045091,0.234201533509861,1.78883120944897,3.79500055002248,0.881233120117427,2.34961727253258,1.85657173261945,0.036432814101492,2.6650019475337,2.90872089656436,2.71984974803336,0.827041716895597,3.92481216154447,0.332803510314401,0.0145729243030959,4.41279829334063,3.96522169988234,0.399325635527277,3.91495986510146,NA,2.68773019861125,2.58150798535594,3.25166564769119,0.609366824151762,0.292188791160211,1.94142364977121,0.626777492457659,NA,0.10699103941708,3.22181268454151,0.0689928714869514,2.19781125966458,1.30792234672097,1.00197001861752,0.872306586800736,3.93476249239764,NA,2.37661787435109,0.355976961080773,3.57708804812582,1.73310331799355,0.10438347601,0.00215285336110109,1.88449232801808,7.15363831726584,3.54950009160699,2.05224865990112,1.63518190842389,2.27844099406469,NA,0.00195694778696095,NA,NA,1.79117313089405,2.38507458436931,4.30582617378847,0.139947687875031,2.68199952390227,3.78634248727936,NA,0.55410801196681,2.81308493079853,2.00469140737207,2.27273212984436,0.896929042825009,0.0462128431551316,0.165225135266245,1.02024027426919,0.168921997147571,0.683225885289886,3.64958355016397,0.117269970815723,0.252404255273965,0.00313295733057115,1.56638965886559,1.63718994122713,0.0255434143022237,0.937531342719909,1.32542826423458,0.488273121543773,0.842357331583384,0.0673185303674566,1.63117789907051,1.72538978112577,1.95652345622696,0.636336388771426,NA,0.426506038442072,3.3637829458119,3.03460114245336,0.29533592200323,NA,0.84462954342216,1.50730841735772,2.36614657448379,0.0942354886745593,3.16003532484527,2.3578477716691,0.881705152224375,2.98697309346411,0.920699262158921,0.073611817343246,0.0662734889932179,2.03265496600071,1.31809685309728,NA,3.94481282825114,0.861143680186573,2.49019922315377,1.6961827293795,NA,3.99663789611572,1.81971252325043,0.00588236990306661,1.4154544158923,NA,2.68773019861125,NA,NA,2.71984974803336,3.87649358427366,0.202823548823252,1.45906478169494,2.6023964733033,1.58529381350474,5.17263684839925,5.074196775586,0.129656769315567,4.05129630865359,4.2091993380994,4.18322385169613,4.66873166747783,0.885489451915615,0.562650691630577,2.50684645658693,1.81250095353487,0.785022406364297,0.476554856018701,5.01357215376957,0.130102005297989,0.121897058502708,3.87649358427366,5.074196775586,2.10058230728563,0.301660053752697,0.098109793994266,3.27724248948084,NA,3.14630513203337,3.41596869898247,4.05129630865359,2.92316158071916,3.52929738428947,3.25166564769119,NA,3.52929738428947,0.788887560413925,1.43414654890446,NA,2.43068509562136,2.15642604350172,NA,0.0579522427252339,0.0380561910813826,0.184317682625544,0.782453911801548,0.191868449977461,3.83945231259331,NA,0.0447806178463696,0.873710752723002,0.012393194915345,NA,NA,2.73179018840528,2.55851846713125,NA,0.0413108725549247,0.0333960671580181,1.17159299207435,2.0583555491093,0.182908239122311,2.57892733876245,3.44618247757896,4.07402455973114,1.61041590762208,0.2602355445081,0.901734434099948,0.10612109590854,2.55851846713125,3.71161894108342,5.10594547390058,1.71773528776524,0.374000541064142,0.710302289235534,NA,0.727959248763704,0.00117370905492897,1.43825670676628,0.00097799518797671,2.07223395228137,3.01447973925394,0.867174781743216,1.56732642708397,0.457530424459482,5.64956092048956,3.82143380709063,2.78103090450845,0.614775166161023,1.53777672398211
"3",1998,2.47150709014162,1.37908677172143,1.63920201434055,NA,1.56451875092978,2.79372948784557,2.90157800905198,1.70152747753838,0.183377832932302,0.0460081139088439,0.0307716586667537,1.32985305021494,1.68980651224023,1.4138454050866,1.83920156883792,1.77029070153322,NA,0.00627576093882442,2.78419046479882,3.79500055002248,1.4872116291534,1.16781465004794,NA,0.113758885356658,1.98742479135114,4.26326655936967,3.23662777032665,2.4441081159535,2.16150649473414,0.241393133010847,1.94688814424329,3.92481216154447,0.335807745811686,2.34145396189342,1.76914325447675,0.0382592986275263,2.69060789843887,2.78103090450845,2.589290125798,0.843720039039319,3.76924805392006,0.314965199471143,0.0147713173203125,4.77873256269216,3.96522169988234,0.380844023717816,3.70365077143425,NA,2.67346462145243,2.55851846713125,3.3195768533074,0.534231999723184,0.310955035027414,1.83920156883792,0.647854257137608,NA,0.0689928714869514,1.98457578657506,0.0519623456463927,2.19429631755713,1.28363543869505,0.831971146550237,0.70316789512166,3.93476249239763,NA,2.154738279388,0.338272487577047,3.39826912188307,1.66676884417321,0.103082239652028,0.00156525173808292,2.00324108079442,6.14203740558736,3.28243730635794,1.84166462427031,1.29214009661788,2.15981014148596,NA,0.00195694778696072,NA,NA,1.51795625531357,2.48784350946131,4.3502779363593,0.141973574893188,2.69638826135437,3.62727779264967,NA,0.467465309030957,2.38932990993945,1.9760771518536,2.45088780293888,0.774787775449596,0.0558827055627436,0.154443977966918,1.01699176031336,0.162921517569352,0.691779592186202,2.90514307521648,0.119250387350333,0.252907653220664,0.00372148113372754,1.15470175531915,1.45319474387515,0.0305700660846779,0.813279013538084,1.10096108598987,0.427704720036003,0.87137157036983,0.063978234986087,1.68031777473152,1.64729103721364,2.72580214656066,0.623489818263467,NA,0.422321931919498,3.08461156302802,2.80983289541215,0.282287720177499,NA,0.855608610704572,1.48203474097387,2.34757018891085,0.0935912279414406,3.11498266090432,1.90661424510535,0.956176377678615,2.78419046479881,0.833769708186151,0.0767733754619752,0.0681553504999721,2.19079368700593,1.35986280408293,NA,3.95496519971515,0.797096722954978,2.29576577772199,1.55985673782396,NA,4.01814410133669,1.68347069379114,0.00568573240366206,1.25374096368334,NA,2.31934250828599,NA,NA,2.77474157560088,3.90520369015609,0.190921480209725,1.38688104344825,1.74983544287182,1.21083894213914,4.95641373992962,5.32105685351753,0.135012729452275,3.96522169988234,4.62790967295758,4.17048482591871,4.75574304446747,0.84462954342216,0.533898499636718,2.50924741812446,1.6845238797758,0.559224857516058,0.471529719816027,5.01357215376957,0.126989508343289,0.1225598222517,3.70365077143425,4.95641373992962,1.91189130220619,0.307492519915391,0.0820649530543042,3.22672669934394,NA,3.40413424133546,3.25166564769119,3.99663789611572,2.80336038090653,3.44618247757896,2.46688814428532,NA,3.33592599130893,0.72553304458124,1.22804651430856,NA,2.41743986887134,2.20133860018254,NA,0.0600260717555061,0.041718453567292,0.189266437864803,0.755459442649258,0.198522466923862,3.65713075579936,NA,0.0484676355422208,0.885489451915615,0.0108109161042157,NA,NA,2.58668934409794,2.6023964733033,NA,0.0429421942870091,0.0372441731723714,1.12295305700457,1.94688814424329,0.172400261523896,1.51706459230309,3.19282514766826,4.07402455973114,1.17411984117625,0.286965483384929,0.866244549117997,0.101349887551401,2.41088246832518,3.70365077143425,5.17263684839925,1.76456658744934,0.34487498749065,0.757125415546032,NA,0.704748923118979,0.00156525173808292,1.02458810720529,0.00097799518797671,2.19254346872972,2.44862279630803,0.832420483785386,1.57485233278432,0.462796039847273,5.83188247728352,4.36554540849009,2.64828846655996,0.610086248643223,1.35001050763992
"4",1999,2.37872535669065,1.31227017965707,1.61926117413704,NA,1.51084511423606,2.65661028989745,1.6626366068883,1.34549582728539,0.197807415052136,0.0392754556095891,0.031376680365153,1.37289480147351,1.40185964434138,1.33950778544077,1.47176067799769,1.73421012496874,0.00509605179689429,NA,2.87005175540521,2.91953181266858,1.40743512672568,1.14053459505437,NA,0.108297375331136,1.8653712865713,3.76924805392006,3.44006625056153,2.40870618890259,2.10860159645225,0.247384164409966,1.72979022827059,3.89554177924435,0.359331730791278,2.0847341150456,1.63518190842389,0.0350145178451021,2.81962090177832,3.05099495222904,2.57892733876245,0.588725521912756,3.67239822793014,0.317110547572067,0.0102182064158176,4.80226306010236,3.7608091852742,0.368898489180246,3.54272040462161,NA,2.6318497402168,2.54348058976671,3.40413424133546,0.525596941086303,0.352077234690103,1.36750810126088,0.634859828887061,NA,0.0660646117078629,1.99171357562335,0.0499051550422591,1.74422690321221,1.12898080280209,0.765076911720206,0.684000478667113,3.86710384392382,NA,2.22457467686339,0.339095420005878,3.3808773791712,1.61237477210741,0.112007954727672,0.00215285336110109,1.91189130220619,5.90087534877047,3.21205650959615,1.76570879202811,1.17159299207435,2.25393458387686,NA,0.00215285336110109,NA,NA,1.42760523367482,2.41524928749152,4.53259949315326,0.133671047676771,2.5840953089209,3.08034716424157,NA,0.466529709399322,2.5840953089209,1.89875050864514,2.41963525943478,0.801880380696411,0.0503162547397237,0.169848352007702,0.954651599746602,0.101782694309942,0.551389695648032,2.61567688097119,0.117709724560716,0.23865919319438,0.00352526804568514,1.22272027002589,1.24419760563644,0.0267475083670281,1.17159299207435,0.723112712621174,0.472783638475621,0.801880380696411,0.0594034713410809,1.3698131349361,1.82819228332955,2.51406670456041,0.619486173243119,NA,0.431309410031133,2.89802560744761,2.61300665241532,0.308290498412316,0.323844579753411,0.891192889429485,1.45068952335821,1.69298953880035,0.0723499875228239,2.67630150278763,1.84537061986463,0.900771506726555,2.74387492762035,0.860681252432668,0.0692023613798303,0.06023369139707,1.98315432222768,1.37443920332488,NA,3.13725529651345,0.749650297682244,1.97748858469201,1.39237340719627,NA,3.73591163365247,1.34399545191016,0.00745686343833233,1.04272545518241,NA,2.73781430300866,NA,NA,2.70512194132312,3.71161894108342,0.19828405948442,1.28858769501351,1.69086639575227,1.05668826231188,4.66873166747783,5.01357215376957,0.133447608953911,3.82143380709063,4.3502779363593,4.22244456484942,4.49688141055118,0.687493593028217,0.486045594767504,2.42183548034438,1.69086639575227,0.5558107196828,0.431309410031133,4.77873256269216,0.12632380322606,0.115951868691668,3.86710384392382,6.74817320915767,1.79000148459716,0.291665230938827,0.0812164167284652,3.61267899322852,NA,3.47733764535876,2.38083728989379,3.86710384392382,2.56104691348461,4.13321343112147,2.1037823100163,NA,3.19759842642092,0.531234495397198,1.23005119256094,NA,2.47150709014162,2.14467108027028,NA,0.0409034575971605,0.0413108725549249,0.21124009484016,0.687104866103983,0.203302590748581,3.30349071555578,NA,0.0423301367344936,0.742641404838254,0.0127891561163214,NA,NA,2.15305335902308,2.54846813127774,NA,0.03988564580446,0.0372441731723712,0.809757883139505,2.05988811645907,0.0931619512660352,1.56638965886559,2.99085659349051,3.81254485967339,0.735273381329625,0.208828130332688,0.823026543087338,0.100917268033513,2.19254346872972,2.80659140148798,4.53259949315326,1.781838173958,0.363541081751932,0.70316789512166,NA,0.531899831416419,0.00215285336110109,1.0240435931706,0.00097799518797671,2.21021177286303,2.46919495038324,0.862532247870919,1.61041590762208,0.48668152483663,5.64956092048956,3.87649358427366,2.18556263758838,0.736089374846954,1.2696197923067
"5",2000,1.90136488921921,1.14605438827797,1.20169452832014,2.52866550398157,1.32763820988539,2.12811441067583,1.17285561850471,1.08695034892027,0.144229384557199,0.0263459825636012,0.0231395669908291,1.09685430403721,1.36291391247583,1.25032215693456,1.35530352566841,0.830175813931562,0.00431035150112226,NA,2.40653463538908,2.97541227106303,1.08290058926335,0.789317945615318,0.571959498722792,0.0702504696405412,1.68031777473153,3.30882406153114,2.9602028523995,1.80178018378977,1.91985947185537,0.167765259019747,1.45738410903043,3.4647588631519,0.316842127224193,1.46159109882806,1.07656963286571,0.025743995989788,1.75887505244955,2.50445124586097,2.41743986887134,0.382275663189254,3.15086094856923,0.240149506435939,0.00666930679199492,3.78634248727936,3.79500055002248,0.275311848974511,3.52929738428947,3.14176997686797,2.41524928749152,2.31339600909826,3.36944868334758,0.396415272588246,0.273768241773235,1.21874412164625,0.546312683557983,NA,0.0433504408736138,1.51528364793209,0.036838411348991,1.34699845716993,0.935536329589389,0.582405276154954,0.506274250499576,3.75244093560368,NA,1.70582393957189,0.246883538617283,3.71965111278069,1.62420922975441,0.0795215010684741,0.00156525173808292,1.7994133187795,5.13873529672357,2.72580214656066,1.52871869103536,0.867174781743216,2.30552195266735,2.80983289541215,0.000782319617447211,NA,NA,0.882177407250862,2.47847575945771,3.98605578678519,0.105903728230258,2.3333567516608,2.028187348741,2.80013976620649,0.297966118153925,2.04769284336526,1.33059242178282,2.14300302316958,0.664053518889417,0.0392754556095891,0.148075978280787,0.745109526206338,0.0799449607402686,0.390908810333957,2.55599639769854,0.0978941605702499,0.215838916935323,0.00313295733057115,0.451370873109493,1.00891634630781,0.018747465699952,0.863922746356839,0.637445241222872,0.272997330775271,0.723918839226699,0.043963123421116,1.20625628272804,0.946558485264436,2.34145396189342,0.545300366953901,1.65238010672111,0.353746684159644,2.67630150278763,2.36406540827997,0.231980133114708,0.24089549677266,0.755459442649258,0.931062049194468,1.32029063825499,0.0669003827552592,2.21378320523063,1.22205647975923,0.815928021709661,2.45088780293888,0.565744009099715,0.0610646012911574,0.0378531247795376,1.71230344388287,0.921190300715313,NA,3.23166498098452,0.668621475062321,1.46327886294178,0.953129143223146,0.475296202611504,3.06346912645422,1.31663699882341,0.00666930679199492,0.829727483953194,NA,2.43513944597074,NA,NA,2.38507458436931,3.42794489002918,0.167534071872723,1.007844534844,1.23205989762202,0.626045963529645,3.3637829458119,4.90234651865934,0.118809955720223,3.44006625056153,3.7608091852742,3.70365077143425,4.24947323723734,0.595795187271614,0.358212223257619,2.10218102864933,1.46243462481649,0.447081650847343,0.283065829411415,4.26326655936967,0.109605419991152,0.0893067312416023,3.64958355016397,4.33524005899476,1.2287142939661,0.27094446887907,0.0505218679819411,3.04687123504518,NA,2.44185839621949,1.94006217917289,3.26181801915521,1.70690094559953,3.83945231259331,1.42760523367482,2.4441081159535,2.64552984412088,0.286444650039822,0.690998952021656,NA,2.44636290834059,1.70152747753838,NA,0.0350145178451021,0.0311749657905912,0.152165034409947,0.452907207718026,0.147849298012334,2.82290497697951,0.00844218226866501,NA,0.415485822669879,0.00647251450561752,NA,NA,1.72538978112577,2.19781125966458,0.476554856018701,0.0297641019064541,0.0253428728396044,0.735273381329625,1.94278697649908,0.0677368529002251,1.36520836854935,2.33942350434304,3.69574559192714,0.470590311574092,0.137925896778607,0.532232665501701,0.0717196691912082,1.86789973292466,2.81308493079853,4.00733318523247,1.52871869103536,0.272227013623301,0.531899831416419,NA,0.492103320927886,0.00176108058429782,0.910442761991732,0.00097799518797671,NA,1.45319474387515,0.750064119331021,1.33059242178282,0.395253494937968,4.80226306010236,3.08034716424157,2.02373960234276,0.388022805444822,1.42435055220127
"6",2001,1.83920156883792,1.09568402888902,1.34324610755138,2.77161168259195,1.15408160026052,1.75887505244955,1.95514128600001,1.13382929714871,0.14898321354374,0.0247414896401624,0.0247414896401626,1.03829822050231,1.22604584675226,1.23205989762202,1.20234493484713,0.869504156195034,0.00411402284632479,NA,2.32332657730086,3.09751496786393,1.08290058926335,0.689050013575875,0.574734387773551,0.0658557780431177,1.83920156883792,3.44618247757896,2.75610749605599,1.77720317145385,1.94278697649908,0.159246731624153,1.45906478169494,3.30882406153114,0.302453389772094,1.31882758020323,1.01699176031336,0.0227394869694893,2.48784350946131,2.51406670456041,2.51165415815503,0.398160473729277,3.2876592503391,0.232473351373782,0.00706300758448169,4.3502779363593,3.85780145126151,0.254923782935848,3.61267899322852,2.43513944597074,2.29576577772199,2.20310694723929,3.47733764535876,0.400200398668056,0.25064435538541,1.21412517578995,0.541261317369951,NA,0.0413108725549247,1.57014200848414,0.035824726518145,1.42760523367482,0.832870023015254,0.585209343887819,0.527914439226666,3.26693311982198,NA,1.56078740331692,0.241393133010847,3.6346578999473,1.39080107982832,0.0759293154836084,0.00176108058429782,1.87043458852785,4.46239523448001,2.59451206977915,1.41143673270569,0.915802092724437,2.3074846618352,2.88744349811708,0.00097799518797671,NA,NA,0.956685154082365,2.28226509050309,2.71098706077552,0.103732646179021,2.35166855530314,2.04466712244872,2.79053969247747,0.302982630324272,1.92654846000617,1.26061384297111,2.17863020081273,0.667096503360003,0.0417184535672923,0.130547439603795,0.741820049555939,0.0729807034062364,0.381989171280691,2.41524928749152,0.0959555493007486,0.227552081598976,0.00332909344966608,0.592961320692136,1.0600685472207,0.0185482823510213,0.702773028384051,0.718289552145745,0.271713798318221,0.716686987700204,0.0453941775342956,1.22404917387594,0.983504708945474,2.02078539044533,0.503035905700657,2.58150798535595,0.338272487577047,2.69060789843887,2.29576577772199,0.226325539068168,0.232720051757418,0.737314614943055,0.972587002372487,1.29856639506341,0.0635614814897446,2.06142303617716,1.22073021961788,1.06176298422594,2.45771376800928,0.494344397582199,0.0623122620893127,0.0394788109737874,1.63017939674092,0.936533338645057,NA,3.2876592503391,0.614775166161023,1.32102297076667,1.0657278718896,0.425308791965628,2.92680457199766,1.34474535820702,0.00431035150112226,0.971037014978731,NA,2.15981014148596,NA,NA,1.27240725055756,3.3808773791712,0.1453592005174,0.880761310719669,1.31663699882341,0.610086248643223,3.26181801915521,4.55094863182145,0.118589812626324,3.23662777032665,3.6199517525576,3.59117278800756,4.49688141055118,0.542269551365626,0.380844023717816,2.11993775023858,1.44321129989097,0.384283408019726,0.27685784258313,4.02907317186888,0.100484835594342,0.0914466849792803,3.76924805392006,3.27724248948084,1.58816051398682,0.250895580107243,0.0451896158070811,2.57378593926203,NA,2.66219689660609,2.06758638388483,2.80659140148798,1.6972493961473,3.93476249239764,1.86916635753985,2.59451206977915,3.038674467841,0.283844544570818,0.902698289596254,NA,1.98885234334232,1.64323834676301,NA,0.0307716586667537,0.0271491954581895,0.144907120943697,0.355697904290906,0.15284817231651,2.96777864620796,0.00844218226866501,NA,0.575776959544789,0.00666930679199515,NA,NA,1.90267464710127,2.12975779641956,0.414597591671437,0.0281541196709884,0.0301670027982861,0.741409624760521,1.81850697759508,0.0558827055627436,1.10096108598987,2.50445124586097,3.4710284761655,0.4241129771744,0.128544545866466,0.507572530461226,0.0712996775848663,1.92386749325291,2.57378593926203,1.57014200848414,1.27031592877756,0.215838916935323,0.557857803304525,NA,0.481921877583642,0.00234879732175555,0.885015630537406,0.000977995187976932,7.15363831726584,1.50995976667934,0.759211792267808,1.26545311961186,0.407520003884821,4.68978507667567,2.30160805334622,1.91056942494828,0.284104251103897,1.4154544158923
"7",2002,1.90661424510535,1.1301907243048,1.13200835582613,2.05072774706041,1.17285561850471,1.7242926883114,1.9579075394929,1.15160481880862,0.136356213756457,0.0249419105246895,0.0305700660846779,1.18557034796425,0.927595841217981,0.953636371233006,1.20495079951391,0.927101647978371,0.0123931949153452,NA,2.36198856433513,3.04276445309252,1.03334089831489,0.679747620913561,0.609366824151762,0.0652295385904416,1.7543450333778,3.21205650959615,2.9602028523995,1.67091822772002,1.23811033624779,0.173794961889445,1.37058266171513,2.85635291104705,0.309089114187492,1.27941008029587,0.991376699215854,0.026345982563601,2.50206175846359,2.48549333211636,2.59713330325903,0.36185521453612,3.17395666336388,0.256438552223216,0.00883658180049794,3.68790241446611,3.52929738428947,0.242140052004865,2.87350599027329,2.43737408377216,2.20133860018254,2.11506365448034,3.15086094856923,0.411937622613782,0.225590335015937,1.11995275472389,0.531234495397198,NA,0.0581594322007499,1.54142303613513,0.0419223063862634,1.678221337905,0.727149859808145,0.562993921426292,0.543615446588982,3.10621067483149,NA,1.43250720427502,0.252152651297294,3.6199517525576,0.747170957569201,0.0878114837132042,0.00607904607638219,1.79705204259382,4.00733318523247,2.77474157560088,1.42110642932365,0.926113993577098,2.04014563772987,2.9792510473702,0.00431035150112226,NA,NA,0.903663075006353,2.10058230728563,3.25672894964774,0.111133637732085,2.2803512143208,1.9931472676252,2.60768749093772,0.309089114187492,2.03265496600072,1.26476035893296,2.14300302316958,0.653475407408038,0.0455987811155721,0.141523022959456,0.727149859808145,0.0666913744986724,0.35263340823058,2.4831486651571,0.10612109590854,0.232966813017153,0.00686613781319927,0.64935014372919,0.961787205966261,0.0221396668975219,0.752965675770855,0.677050643744236,0.245383163242048,0.713090580227434,0.0466224274328214,1.1301907243048,1.007844534844,2.06296031549604,0.451985123743057,2.95268401998548,0.322764082619657,2.62373061577829,2.32332657730086,0.230255782398,0.222654912164492,0.755875675745798,0.969489426328353,1.4440394572882,0.0554693115924083,1.89744587701847,1.40265424112534,0.79017927211129,2.34145396189342,0.460004907627452,0.0738222771988057,0.0368384113489912,1.66884138377518,0.935038197574107,NA,3.20721388512036,0.464661132088269,1.24963979593913,0.916779609908824,0.371446261259045,2.9602028523995,1.32102297076667,0.0100207145617149,0.965887673013527,NA,2.38295369280017,NA,NA,1.22604584675227,3.13725529651345,0.118589812626324,0.876055419682256,1.28292997129365,0.546988131067621,3.60545874525504,4.01814410133669,0.1289892868122,3.21692269924732,2.85295732204591,3.30882406153114,4.46239523448001,0.505625742046239,0.385432503233785,1.34474535820702,1.37135278112169,0.351799263875248,0.257955619517968,3.76924805392006,0.1065559730626,0.0837641888072639,3.44006625056153,3.11058704943129,1.15470175531915,0.236180262822314,0.0529925301405104,2.32933260136107,NA,2.36614657448379,1.59103545607241,2.97158817462463,1.40265424112534,4.46239523448001,1.60456223237062,2.46919495038324,2.73479770946924,0.242389149029443,0.843720039039319,NA,1.96485683778611,1.48981015811667,NA,0.0225395069668231,0.0257439959897882,0.143326449958607,0.307226668524751,0.140622527626206,2.64552984412088,0.00647251450561752,NA,0.40458572947902,0.010613307171649,NA,NA,1.67612928693277,2.06758638388483,0.366357191751573,0.0348120682037588,0.037244173172371,0.677435481155182,1.86033349254134,0.0616882371080643,1.1314021114911,2.32732658263421,3.47102847616549,0.477184777299372,0.10005259007216,0.477815095630988,0.081852751461996,2.12156774244951,2.37451482415431,1.51884871409659,1.22205647975923,0.194239805131861,0.589430243576876,NA,0.435229210014618,0.00529257336576882,0.934540313570792,0.0025447796839701,4.01814410133669,1.48807705542983,0.746758331196522,1.30431353731898,0.360732879962641,4.6481123802751,1.92119369486851,1.89744587701847,0.24863682648032,0.92266486475738
"8",2003,1.71882520612926,1.01861469818649,1.15967688995927,1.80891457790364,1.19909712426245,1.83551832342162,1.75887505244955,1.16092455075742,0.141973574893188,0.0285563722910542,0.0342049650787676,1.16655836847568,0.924141606349894,0.889763977540726,1.1862103479861,0.915313692226328,0.0119973904375874,NA,2.3373971611978,2.86660941121423,0.787167869534399,0.56608830244104,0.683613106979139,0.0646036910681884,1.59971020926609,2.92680457199766,3.05513574489507,1.69511719917746,1.19974584306561,0.176823502352204,1.37521229961387,2.87697219824978,0.308290498412316,1.19715348905388,0.867640222756972,0.0307716586667537,2.61567688097119,2.34961727253258,2.65105472005285,0.354861200853444,3.23166498098452,0.228043120155368,0.00785087447573885,3.61267899322852,3.7608091852742,0.233460518285142,3.15543761559664,2.50445124586097,2.21199589465653,2.06913317460313,3.11498266090432,0.405171895967081,0.208105673949669,1.1314021114911,0.586965887462595,NA,0.0540237770092558,1.40265424112534,0.0447806178463698,1.80296572038387,0.689439497514587,0.565744009099715,0.522954931623465,3.09319530671942,NA,1.35227551427077,0.244633818883267,3.74414213278899,0.873242478305642,0.0963860271377881,0.00824504081903703,1.73753791506142,3.76924805392006,2.17863020081273,1.44569783246097,0.910442761991732,1.91454031037777,2.65661028989745,0.00588236990306661,NA,NA,0.645614614544103,2.08159439504094,4.06259586390752,0.118809955720223,2.31934250828599,1.91719635443589,1.07370512217025,0.31042155942127,2.06142303617716,1.19844882602257,1.95652345622696,0.658750476158625,0.0472371185698895,0.154672158230315,0.761302531059917,0.0560894666510436,0.33717629673009,2.26705567183956,0.110260084498985,0.213415848146198,0.00863936259070786,0.74017936009848,0.996129810884217,0.0227394869694893,0.717087388105953,0.603629985183767,0.220458985943541,0.765076911720206,0.0458034265680411,1.10154914834142,1.03829822050231,1.89094812836095,0.41726465503932,3.20239459868441,0.316037298206906,2.41524928749152,2.00614384045238,0.223387960456329,0.233954467418425,0.733236305864548,0.970520885935016,1.42272717522138,0.0598184952109102,2.09104328423887,1.23072031269296,0.824363143865519,2.28418263663236,0.518676498241729,0.0790982206388736,0.036432814101492,1.54967617789185,0.903180565949947,NA,2.83282241363685,0.463417350833398,1.01699176031336,1.0589405155162,0.385432503233785,2.72282151842252,1.00998930778414,0.012393194915345,0.918737515575882,NA,2.14133774385052,NA,NA,1.22404917387594,2.79372948784557,0.123886668974447,0.825701533536641,1.27031592877756,0.58485840512303,3.68012027402405,3.78634248727936,0.123444191091122,2.39360342071683,3.39826912188307,3.2876592503391,4.02907317186888,0.365793334956257,0.360172184685827,1.6094379124341,1.17855724940838,0.341018233398738,0.231980133114708,4.00733318523247,0.0959555493007486,0.0797332084896098,3.14630513203337,3.16929465025806,1.197800947801,0.231980133114708,0.0544365737127439,2.41306349427154,NA,2.59189768920508,1.99028193615192,2.82950566101086,1.3892312207932,4.12109207058913,1.76914325447675,2.46229043503669,2.53111949294313,0.194952309615156,0.773515780366071,NA,2.2918898038773,1.5533662189793,NA,0.0213404660557821,0.03988564580446,0.15102750727102,0.278406229989259,0.14898321354374,2.53111949294313,0.00804793822649981,NA,0.477815095630988,0.0127891561163214,NA,NA,1.55151949638614,2.00034672276806,0.387158625641653,0.0368384113489912,0.038868868899373,0.472156482606837,2.01783988021557,0.0606490600427097,0.907047172990594,2.20843082849204,3.33044652554431,0.490186387433535,0.0953101798043249,0.458766900660294,0.0746645598344088,2.50924741812446,2.72879168540903,3.59117278800756,1.00250264179922,0.198999452384849,0.611166356759032,NA,0.40458572947902,0.0062757609388242,0.78630913182598,0.0017610805842976,4.42905881421242,1.40185964434138,0.698439753925714,1.2759025354862,0.371162854710457,4.80226306010236,1.95376102353105,1.5395982181105,0.445249029686912,1.00623896853709
"9",2004,1.6616062100944,0.973621663613263,1.25992442550154,1.95100620085221,1.07944237256039,1.79117313089405,1.94963163018904,0.954143856653693,0.134565302151746,0.0323858640212947,0.0344072918371713,1.21149532549056,0.927101647978371,0.799703153622545,1.16405053017071,0.902698289596254,0.0131852741646776,NA,2.4441081159535,2.96020285239951,0.941533349061763,0.400200398668056,0.550033303442788,0.0637698365274814,1.41143673270569,3.19282514766826,3.04687123504518,1.74087681632693,0.903180565949947,0.167765259019747,1.33876179510405,2.69060789843887,0.302453389772093,1.23608945310802,0.922173101777222,0.0285563722910542,2.54348058976671,2.39360342071683,2.5610469134846,0.337724241949279,2.76538113284132,0.232226711836213,0.0102182064158176,3.69574559192714,3.5226528415708,0.219484564429168,3.3195768533074,2.61034353499583,2.09580142168529,1.85157796443897,3.0105035908743,0.399325635527277,0.177523700770356,1.1235541991928,0.536235339291359,NA,0.0472371185698895,1.59103545607241,0.0431462967471521,1.59295668625031,0.665193553213917,0.538577652559024,0.505625742046239,2.73781430300866,NA,1.39316049893309,0.230255782398,3.6199517525576,0.826594789513857,0.0925183815774061,0.0102182064158178,1.70797911281987,3.87649358427366,2.37872535669065,1.52781738407935,0.860681252432668,2.02373960234276,3.11939767911344,0.00548913356296173,NA,NA,0.849646657708959,2.14801556499312,3.59829025577642,0.101349887551401,2.42625049855349,1.85157796443897,1.20495079951391,0.297439525198101,1.82091952400047,1.37212349406928,1.74646654580572,0.640037355245997,0.0534049012803745,0.117269970815723,0.743463435299669,0.0515505688236092,0.3434958671507,0.849189514843855,0.102648870197791,0.214384371224328,0.0094284729098172,0.742230642869037,0.98402758477438,0.0257439959897882,0.648975962246808,0.531234495397197,0.230009689127409,0.709109683250411,0.0411071443276743,1.08001791214462,1.05444107035497,1.75321572778065,0.443419760884134,3.26693311982198,0.269151665223054,2.79692949057624,2.08002822400819,0.179627242506634,0.224121546502186,0.683613106979139,0.849189514843855,1.28929716648705,0.0612724366862729,1.68663358519965,1.41063512945635,0.811076854533184,2.20310694723929,0.496590507944119,0.0795215010684739,0.0466224274328214,1.41706601978664,0.87840559702721,NA,2.46458664729704,0.463106647086919,0.956176377678615,0.958213038260418,0.319798721233867,2.97541227106303,1.23474446299269,0.0139779813009166,0.955667859996668,NA,1.89094812836095,NA,NA,1.07714352097328,2.98310461668619,0.119911398721763,0.85193551199271,1.40903384808938,0.656863327079974,3.41596869898247,3.98605578678519,0.125880245889003,2.28418263663236,3.37514670446221,3.16003532484527,3.59829025577642,0.355976961080773,0.34487498749065,1.37289480147351,1.21083894213914,0.302982630324272,0.211723186636994,2.80659140148798,0.0499051550422589,0.0820649530543042,3.07610087336012,1.58529381350474,1.07427736825167,0.189030226690916,0.0519623456463927,2.1232003958734,NA,2.53357951878399,2.05988811645907,2.86660941121423,1.43087054269855,3.94481282825114,1.76570879202811,2.03265496600072,2.47382458828198,0.202105415937811,0.691389195929047,NA,2.10699258564655,1.53233206443387,NA,0.0219398067989252,0.0360273812964248,0.134341663550792,0.249138331004372,0.104817598005096,2.6650019475337,0.00745686343833255,NA,0.542942272548077,0.0139779813009169,NA,NA,1.9079309009901,2.10860159645225,0.422918590648417,0.0352170084806021,0.0417184535672923,0.632281083674638,1.893542163538,0.0633531698547865,0.997189133017176,2.33942350434304,3.05099495222904,0.491463934716845,0.0799449607402686,0.445859530316374,0.0696214728696199,2.25953683942553,2.38932990993945,3.45852831340126,0.941533349061763,0.188321927759168,0.536904012000995,NA,0.372013315427911,0.00844218226866501,0.640037355245997,0.00391773272890143,NA,1.34324610755138,0.704748923118979,1.25442612986294,0.355140024220648,3.76924805392006,2.03564450484908,1.30792234672097,0.220702739753401,0.899809505690363
"10",2005,1.56358460793798,0.986121826377495,1.17475255236471,1.82576214847626,1.0159112631796,1.63920201434055,1.28152052779042,0.866244549117997,0.124550753116174,0.0342049650787676,0.0356221128005031,1.70582393957189,0.727554472397117,0.738950607127986,1.07829228617715,0.793199770632105,0.0149697497051289,NA,2.30160805334622,2.07068236158995,0.870904389796044,0.444029145424625,0.498197966898189,0.0598184952109102,1.56638965886559,3.12383227618131,2.60503848276614,1.71555900834264,1.83307034178298,0.181969712540046,1.39237340719627,2.33942350434304,0.40899037615385,1.22671229129543,0.925127313674653,0.0307716586667537,1.45068952335821,2.2803512143208,2.55097126149586,0.349300997482188,2.99085659349051,0.211481611566367,0.0108109161042157,3.98605578678519,3.06346912645422,0.208587253540002,3.41596869898247,2.50445124586097,1.98315432222768,1.8553209507178,2.89448578074249,0.391487012142491,0.194239805131861,1.11338360598842,0.544963155687849,NA,0.0509332213402713,1.63217739940359,0.0447806178463698,1.57202347658384,0.639296065367722,0.485410068848433,0.506923179789059,2.80336038090653,NA,1.0657278718896,0.233213635183036,3.68790241446611,0.724725616196639,0.0996205313054471,0.0106133071716488,1.76228608475061,4.15790604371185,1.65034137003126,1.41063512945635,0.801444555891081,1.92654846000617,2.7591891625934,0.00548913356296195,NA,NA,0.667477528321747,2.05072774706041,3.3414356471199,0.111352145326093,2.37661787435108,1.81130406530103,1.22006774857676,0.287747242382398,1.69831720190813,1.21149532549057,1.5423366954038,0.62057648772511,0.0507275235096582,0.130547439603795,0.750478112299054,0.0641866768836627,0.276342245768408,2.07223395228137,0.10503472969632,0.198760931214964,0.0116017425590334,0.760465710927402,0.906079118703959,0.0257439959897882,0.649350143729191,0.498841674677095,0.217781608172824,0.67129578420156,0.0458034265680411,0.87558604628711,1.09043467300288,1.74087681632693,0.386582920386834,2.93781385750603,0.268640025406315,2.37872535669065,1.96625251142508,0.167302938160842,0.230009689127409,0.696476274009611,0.803625581837441,1.25992442550154,0.0631449016045283,1.45654483076043,1.37598599404318,0.797964778565042,2.25766593148972,0.475925331289066,0.064395162238322,0.0453941775342958,1.3892312207932,0.864386675847879,NA,2.77161168259195,0.383709355191102,1.19198885523704,0.794497068111346,0.33116863256606,3.12828662653069,1.24419760563644,0.0153667326400763,0.720698224526657,NA,1.10626613821956,NA,NA,1.15843078387902,3.01447973925394,0.108297375331136,0.833769708186151,1.30792234672097,0.637815132109279,3.98605578678519,4.27725280134441,0.12366540555945,2.26705567183956,2.90872089656436,2.92680457199766,3.23166498098452,0.288790539294976,0.337724241949279,2.00179285461806,1.15656453139334,0.262520679436722,0.217052656615822,3.72774832301331,0.0517564360399819,0.0765622936669961,3.29818566332608,1.68347069379114,0.762140052046897,0.18785000703309,0.0621042104917662,1.79587349207438,NA,2.79692949057624,2.05224865990112,2.99085659349051,1.49939628816977,4.00733318523247,1.63920201434055,2.40004812615947,2.43290979064347,0.171935793331616,0.640408206353529,NA,1.88320615420734,1.58529381350474,NA,0.0219398067989252,0.0372441731723712,0.186435579640279,0.222654912164492,0.132331163599584,2.44636290834059,0.00903383991337759,NA,0.628975295540138,0.0145729243030959,NA,NA,1.78883120944897,1.82091952400047,0.405465108108164,0.0370412716803491,0.0382592986275263,0.466529709399322,1.90924929274336,0.0562962704983322,0.711496319228142,2.2765344157941,3.14630513203337,0.473725110379463,0.0417184535672923,0.431008522410388,0.0689928714869514,2.17346223065429,2.25766593148972,3.68790241446611,0.788887560413925,0.192105332603228,0.536235339291359,NA,0.318184950039104,0.0110085640937908,0.594023079772594,0.00431035150112226,NA,1.46581586218837,0.572305939051911,1.33207280695325,0.336081306201848,3.87649358427366,1.9760771518536,1.10272631151443,0.31042155942127,0.882177407250861
"11",2006,1.59488161465989,0.977251431663842,1.18110178004337,1.85657173261945,1.00623896853709,1.72210210693158,1.62818537813405,0.891192889429484,0.116171431762042,0.0364328141014918,0.0321839457974891,1.17033195785932,0.826594789513856,0.723918839226699,0.917268727062132,0.732016049459319,0.0151682214731714,NA,2.3373971611978,2.1960522442594,0.876994827924192,0.433116639438674,0.502066443676109,0.0600260717555061,1.47774104609917,3.13276090692561,2.7408400239252,1.50907520226961,0.999842358240402,0.168921997147571,1.38531732147206,2.1513712728401,0.433116639438674,1.19844882602257,0.936533338645057,0.0273500995271727,1.42597656881969,2.19079368700593,2.43513944597074,0.334167953151271,2.43068509562136,0.222899201893324,0.0104157372806576,3.59829025577642,3.14630513203337,0.210274610816332,3.06346912645422,2.40436778730399,1.94006217917289,1.71447264213042,2.65382864693557,0.372580691329657,0.190684877818937,1.12656534269049,0.55240819853696,NA,0.0435546266834096,1.81250095353487,0.0419223063862632,1.54967617789185,0.627509556912022,0.479708437944769,0.467153345216229,2.88045046262611,NA,1.40983416826015,0.219971656499198,3.71965111278069,0.710700140842135,0.0966013355679448,0.011799546931155,1.64323834676302,3.74414213278899,1.60553546845717,1.42272717522138,0.78630913182598,2.11993775023858,2.54846813127774,0.00725991612110314,NA,NA,0.86345903199657,1.96207132066468,3.41596869898247,0.105903728230258,2.21199589465653,1.91056942494828,1.26130373606504,0.280992215397267,1.76001077091347,1.11219383785283,1.82697647770866,0.572305939051911,0.0492888222030261,0.135012729452275,0.710302289235534,0.0704602231809012,0.279957018617451,2.10218102864932,0.102648870197792,0.206181671432147,0.0121952730938182,0.84372003903932,0.915313692226328,0.0263459825636012,0.638185159865583,0.516380285981379,0.216324236042155,0.61586035346231,0.0496996685522728,0.490824957059321,1.0344404036483,1.64729103721364,0.361293889795027,2.95643636960403,0.233954467418425,2.25579851731493,1.8478489358791,0.147396091569045,0.22314355131421,0.688660681275843,0.849189514843855,1.23407264570172,0.0562962704983322,2.00905505065984,1.30431353731898,0.780745239877931,2.22276799163844,0.500775287912489,0.0660646117078631,0.0447806178463696,1.17222410601136,0.792335839692841,1.0516391632263,2.70805020110221,0.372580691329657,0.96691542233318,0.797096722954978,0.352077234690103,2.93046088320077,1.20560332808519,0.015565283221489,0.721904739854998,NA,1.03059741236914,NA,NA,1.02458810720529,2.26894424652743,0.117269970815723,0.797964778565042,1.21874412164625,0.602557982222431,3.49650756146648,4.14548352371329,0.120572847318253,2.30552195266735,3.30349071555578,3.00654318965821,3.30349071555578,0.283844544570818,0.269663566949103,1.94688814424329,1.11517091656252,0.268895812592772,0.20738373913309,3.49007667113619,0.0505218679819409,0.071719669191208,3.39826912188307,3.21692269924732,0.766758997903191,0.176356975635089,0.0677368529002253,1.85782408093592,NA,2.84620053958303,2.02373960234276,2.99085659349051,1.41143673270569,3.65713075579936,1.59295668625031,2.2918898038773,2.41088246832518,0.171007503638592,0.699226226636327,0.188321927759168,1.84166462427031,1.49852101459092,NA,0.0231395669908291,0.0392754556095889,0.176123793868846,0.202823548823252,0.122780841149716,2.35166855530314,0.0110085640937908,NA,0.657995189113657,0.0165586278944083,NA,NA,1.62321765803212,1.88063875870209,0.416671359263981,0.0380561910813826,0.036432814101492,0.355418925352006,1.98599927435992,0.0544365737127442,0.854229617151179,2.20133860018254,3.09319530671942,0.49306316742615,0.0654382415026047,0.418452303634975,0.0658557780431174,2.43068509562136,1.94551921863595,3.53598637244027,0.700407096681049,0.184082637378252,0.540254098886277,NA,0.275826914656771,0.0100207145617146,0.512456147525245,0.00489956884115848,NA,1.60846087278627,0.664433385940519,1.33578338634979,0.398451636928306,3.8859723282282,1.90136488921921,1.1021375567138,NA,0.809757883139505
"12",2007,1.42842056188957,0.942536358172932,1.1235541991928,1.80772197191852,0.907531551784274,1.55799800122934,1.21874412164625,0.963322911412689,0.138374830568414,0.0486728689959939,0.0542301540608602,1.21742224438833,0.774787775449596,0.696476274009611,0.712691776632915,0.765076911720206,0.0277520287930338,NA,2.21736743845844,2.1037823100163,1.07714352097328,0.425308791965628,0.521965974892128,0.0727704205750543,1.54051021087777,3.14630513203337,2.82619987287636,1.43087054269855,0.958213038260418,0.177056847353847,1.34324610755138,1.74758825091492,0.439467787356365,1.1314021114911,0.829727483953194,0.047032179538534,1.45152389971033,2.20133860018254,2.26894424652743,0.353468248963637,2.47382458828198,0.23741895987157,0.0110085640937906,3.21692269924732,2.90872089656436,0.227797570737314,2.89095844022452,2.50924741812446,1.18941650655173,1.11338360598842,2.93046088320077,0.378272226329445,0.199476665469543,1.45152389971033,0.534899333748617,NA,0.0706700207270394,1.5296208110785,0.0650208792260957,1.52871869103536,0.620940190220481,0.485092457284702,0.503359268678414,1.9931472676252,NA,1.00730905959694,0.254167257871397,3.68790241446611,0.715886667529435,0.136804443257462,0.0157638732330641,1.64830678133347,3.47733764535876,2.38932990993945,1.26406807783919,0.803188995932231,2.20133860018254,1.42679056967864,0.0114039773057439,NA,NA,0.660641193303456,1.67612928693277,3.20239459868441,0.117709724560716,2.32732658263421,1.83797231238319,1.09043467300288,0.290618932125091,1.6616062100944,1.0159112631796,1.79234615155641,0.565399834255498,0.0604413541535009,0.146037703313983,0.714687386953953,0.0664824099174081,0.418155259224652,2.02967433786258,0.130324697649427,0.199715357438692,0.0163598800054504,0.799268276468486,0.918247679661116,0.0303685141339806,0.640037355245997,0.484774946566048,0.209310058052859,0.699226226636327,0.0562962704983322,0.509197754287186,1.05781375483361,1.43250720427502,0.323574345999571,1.79587349207438,0.263283552963866,2.14133774385052,1.80296572038387,0.173562376704073,0.25568088076381,0.705144570997533,0.921190300715314,1.29356459828327,0.0583666646126405,2.10699258564655,1.2696197923067,0.795796050757736,1.95100620085221,0.511477514271475,0.0721398372646164,0.0423301367344936,1.35682097664245,0.793199770632105,1.02349937547009,2.73781430300866,0.358771820362317,1.0196981219111,0.7488231677757,0.348192657108269,2.77161168259195,1.24827646921127,0.0253428728396044,0.722709892877561,NA,1.05275898417199,NA,NA,1.03664304771064,2.38932990993945,0.138150338480817,0.747170957569201,1.37366670425209,0.558541096805657,3.44618247757896,3.80373422999123,0.149891272629973,2.04920914388322,3.02247978192102,2.80013976620649,3.74414213278899,0.247133820185352,0.267106674735326,1.89614294523805,1.06913890419066,0.270944468879071,0.209792218139346,3.25672894964774,0.0710897479105362,0.06983109450334,3.59829025577642,3.08034716424157,0.688271500496461,0.181266395197727,0.0780408027545788,1.74422690321221,NA,2.90872089656436,1.95376102353105,2.85976006936866,1.54142303613513,3.76924805392006,1.51795625531357,1.63317789973717,2.21916438413515,0.175424574635138,0.581705486063415,0.200909672640968,1.73310331799355,1.44569783246097,NA,0.0203423623697679,0.0472371185698895,0.190684877818937,0.1947147517093,0.129879362527393,2.25579851731492,0.0121952730938182,NA,0.670913301886704,0.0279530540223768,NA,NA,1.5423366954038,1.65954859619972,0.524275063828388,0.0606490600427095,0.0577450961683049,0.419641364417166,1.87170442996832,0.0484676355422206,0.808879534378599,2.25579851731492,3.2720745193224,0.505625742046239,0.0431462967471521,0.389753408703401,0.0706700207270396,2.15811666097963,1.90398612269908,3.68012027402405,0.536904012000995,0.183143008462513,0.526589496999055,NA,0.263283552963866,0.0161611716093667,0.48572778132132,0.0064725145056173,NA,1.35986280408293,0.654603439112536,1.35454566280531,0.522625170697146,3.97558448691789,1.80059605102855,1.10096108598987,NA,0.70158936282861
"13",2008,1.21280938612643,0.656109463493574,1.02895492637163,1.99028193615192,0.949080554697146,1.53233206443387,1.46751077784836,1.0159112631796,0.155585400302919,0.0556759872157543,0.0633531698547865,1.15905364282161,0.703562917840603,0.72270989287756,0.896449771308526,0.682838813483234,0.0340026792482001,NA,2.1632057304871,2.38507458436931,1.02786143255026,0.446775980663089,0.48668152483663,0.0918752258043515,0.778187693726814,3.10621067483149,3.06766200471425,1.45654483076043,0.92957506007289,0.177990772240781,1.35758056650046,1.79000148459716,0.450143502596408,1.21412517578995,0.827041716895597,0.0552626786750493,2.40220562429949,2.23731370264082,2.35991602473315,0.377986878917036,2.37451482415431,0.250142095204083,0.0133833920454645,3.16465427070156,2.95268401998548,0.234201533509861,2.82290497697951,2.37241618749739,1.48548302025279,1.06402670901833,2.98310461668619,0.389176208110175,0.225100499101171,1.49852101459092,0.539247893870978,NA,0.0810043951014654,1.53052374567709,0.0755075525081453,1.70690094559953,0.599348851281483,0.501420657408913,0.516707993669057,2.48549333211636,NA,0.994542928773903,0.253411304704491,3.65713075579936,0.714687386953953,0.155585400302919,0.0193452539014739,1.71338745482913,3.94481282825114,2.51406670456041,1.26199410544007,0.735681294857614,2.05377188944164,1.40265424112534,0.0189466887307933,NA,NA,0.657240472096701,1.84909040096716,3.23166498098452,0.12632380322606,2.24466667694608,1.86284921713859,1.0589405155162,0.296650155337352,1.61139486022106,1.15532229520875,1.83429358352572,0.711098150797637,0.0612724366862732,0.151937425441171,0.685551467733362,0.0788866475924904,0.426506038442072,2.03864300784534,0.145133135183556,0.19400241640671,0.0263459825636012,0.8252552045848,0.865315181021363,0.0321839457974891,0.649350143729191,0.490186387433535,0.224366194821449,0.733643389118694,0.0544365737127442,0.520648885468934,1.06913890419066,1.49764650644598,0.321684751699981,1.78067740772203,0.259728445105752,2.09421285900015,1.04217097776316,0.181500779354431,0.247384164409966,0.643379976742687,0.835120755453133,1.24284167322531,0.0583666646126407,1.97748858469201,1.29499113204872,0.784593865539225,2.17518192153382,0.441289834626309,0.0953101798043247,0.0449850959168091,1.7795179873023,0.749650297682244,1.0159112631796,2.78103090450845,0.370879528458385,0.995071609727269,0.694516641793242,0.377131324893653,2.6291360343452,1.15656453139334,0.032385864021295,0.818140901568191,NA,1.05725085023108,NA,NA,1.08290058926335,2.73781430300866,0.133447608953911,0.746758331196522,1.38064077358816,0.56333726906915,2.94522129878389,3.45852831340126,0.16384232794749,1.99746071787892,2.9986691332273,3.07610087336012,3.24662785366123,0.2559333741372,0.250393193761585,1.9634631093375,1.11159948419492,0.285403796445983,0.22436619482145,3.16929465025806,0.075718411760376,0.0966013355679448,3.19282514766826,2.84620053958303,0.932054605107219,0.177056847353846,0.101133554397502,1.6163040502473,NA,2.70512194132312,1.96485683778611,2.58668934409794,1.14913415665005,3.70365077143425,1.72868829978443,1.65136021882036,2.50206175846359,0.19400241640671,0.686716290229655,0.217538565274557,1.46581586218836,1.48548302025279,NA,0.0227394869694896,0.0464176143240666,0.191631623451783,0.196854807216345,0.144681157774732,2.47847575945771,0.0165586278944083,NA,0.851935511992711,0.0291600547724122,NA,NA,1.50995976667934,1.69405280312168,0.43674092609994,0.073611817343246,0.0646036910681884,0.440682116588766,1.87935752854604,0.0565031171222987,0.898368237124755,2.14133774385052,2.53604561127919,0.496590507944119,0.0515505688236092,0.407226188692462,0.0807924184181065,2.13635848045091,1.83797231238319,3.38664108388795,0.425009704181135,0.189030226690916,0.605777444849405,NA,0.210998636430198,0.0189466887307931,0.468714138415864,0.00982326170294302,NA,1.59295668625031,0.662156345108467,1.28011306802254,0.426506038442072,3.66473535518458,1.9079309009901,1.02024027426919,NA,0.675128675057267
"14",2009,0.999311149728574,0.609366824151762,1.03334089831489,1.93328249218751,1.06176298422594,1.5939186872865,0.75089227672825,1.05331936524577,0.173794961889445,0.0594034713410809,0.0723499875228236,1.0240435931706,0.811957136280169,0.732016049459318,1.00197001861752,0.647107152134609,0.0431462967471521,NA,2.31339600909826,2.2318342368762,1.0881104418578,0.462796039847273,0.515070528099316,0.103298994827906,0.970005023143075,3.20239459868441,2.75303529701902,1.44155703979494,0.877935119483834,0.184787938923888,1.37598599404318,1.95100620085221,0.483505910862743,1.18301443602971,0.807563456101339,0.0646036910681884,1.59007622338495,2.35991602473315,2.321332558694,0.451677951263296,2.26517065714379,0.269151665223054,0.0171551086755888,3.28243730635795,3.37514670446221,0.249891059681238,2.43961372636566,2.10860159645225,0.913849920313346,1.22338450120275,2.92680457199766,0.415189658000159,0.244883537950616,1.47517365059393,0.51082562376599,NA,0.086318468612361,1.49677276239739,0.0856792867433636,1.54967617789185,0.623854582082941,0.522954931623465,0.526920568016812,1.53505068867287,NA,0.964860978878166,0.24363556574322,3.72774832301331,0.690608860345166,0.160623194332876,0.021739986636406,1.62918189042379,3.91495986510146,2.12156774244952,1.22139312981783,0.838280315743501,2.08159439504094,1.54691755545277,0.0263459825636012,NA,NA,0.689829133210145,1.66676884417321,3.1786405126763,0.13143890389283,2.37661787435109,2.11831041057921,1.0759960739168,0.304306958421416,1.95652345622696,1.09393118006161,1.79117313089405,0.602557982222431,0.0677368529002253,0.155357011584329,0.711894646259897,0.0873846804630208,0.519990990708362,1.81971252325043,0.155813841194831,0.210033385390002,0.031174965790591,0.784593865539226,0.78845736036427,0.0468272824985793,0.628608659422374,0.534565611069064,0.255933374137201,0.78845736036427,0.0604413541535012,0.59084117855521,1.11636423412656,1.5296208110785,0.394963261297852,1.90136488921921,0.242140052004865,1.71122060674404,1.71882520612926,0.189739027665659,0.254671544316778,0.681292022764936,0.858833676849368,1.20495079951391,0.0750859673416985,2.13635848045091,1.56265133675498,0.770976633847395,2.16832083115387,0.483188903410413,0.105903728230258,0.0671094347054299,1.81730288353028,0.770976633847395,0.980373182378027,2.90157800905198,0.387446602605486,0.990323513231195,0.761302531059917,0.315769165747866,2.90157800905198,0.946054833780609,0.0406998123464823,0.76088403346017,NA,1.21808296459737,NA,NA,0.809757883139505,2.0847341150456,0.141072673931354,0.748409859234995,1.42029704036809,0.584858405123031,2.589290125798,3.71161894108343,0.172632576544106,1.88578015820251,2.57122511840036,2.51165415815503,3.19759842642092,0.29717633267125,0.251649633178036,1.67299939392385,1.14666958362189,0.288268754780137,0.231487157999967,3.42193886596897,0.0835516263662468,0.0918752258043515,2.92316158071915,2.80659140148798,0.73690603475351,0.173562376704073,0.115512887121844,1.64627632378309,NA,2.75610749605599,1.93870255965685,2.52377551868737,1.10037336925241,3.86710384392382,1.36827585561721,1.72538978112577,2.52621752234293,0.245883038283699,0.74099936834451,0.241891017014162,1.73089337234275,1.52511832711018,NA,0.0451896158070813,0.054849540887723,0.159017505262117,0.204741094952524,0.153075988697493,2.5189093290362,0.0185482823510213,NA,0.902698289596254,0.0360273812964248,NA,NA,1.52153087931653,1.32029063825499,0.539247893870978,0.0793098384578839,0.0721398372646164,0.445249029686912,1.8653712865713,0.0765622936669961,1.17159299207435,2.25021710747673,2.71393257100528,0.510174157944904,0.0884520303348708,0.4241129771744,0.0972475391445509,2.29965683321496,2.25393458387686,3.66473535518458,0.403121814710191,0.177757209236099,0.519990990708362,NA,0.234943098245365,0.0303685141339808,0.474981786636583,0.0121952730938182,NA,1.5423366954038,0.634122365726795,1.35682097664245,0.576124725154276,4.3502779363593,1.91454031037777,1.04439073450147,NA,0.665193553213917
"15",2010,1.27520250045586,0.851477321835783,1.05668826231188,1.76456658744934,1.03334089831489,1.5242202578985,0.688271500496462,0.957194189471315,0.187614130159723,0.0807924184181065,0.0767733754619749,1.17285561850471,0.649724465275766,0.678976313509338,1.11696142733631,0.699226226636327,0.0505218679819411,NA,2.30160805334622,2.2318342368762,0.914337606253273,0.441289834626309,0.472156482606837,0.121455459908647,1.59777597268626,3.43398720448515,2.47847575945771,1.46412381440734,0.846451037550551,0.189739027665659,1.40663672348966,1.98315432222768,0.444333977007537,1.13992316122303,0.840996478572279,0.0755075525081453,1.48031505009434,2.18382501768984,2.30552195266735,0.423814246776361,2.7408400239252,0.272483720080878,0.0247414896401624,3.25672894964774,3.04276445309252,0.254419369305986,2.77161168259195,2.6650019475337,0.925127313674653,1.02132546157047,2.82619987287636,0.387158625641653,0.247384164409966,1.50466407910463,0.510174157944905,NA,0.0903761356853006,1.52332299449151,0.0972475391445509,1.5423366954038,0.610806191078927,0.5137624834393,0.510174157944905,2.0252199875132,NA,0.938530343801993,0.23543778042216,3.56319893596515,0.651973341785782,0.159017505262117,0.0297641019064539,1.6698792665876,4.2091993380994,2.56104691348461,1.4154544158923,0.756292082164474,1.98885234334232,1.59488161465989,0.035419540126864,NA,NA,0.672061187989405,1.80178018378977,3.3637829458119,0.143777815346546,2.38719998368162,2.028187348741,1.11457479135858,0.321954475234995,1.89484170888008,1.10626613821956,1.92789164355263,0.624949672537332,0.0895205206598406,0.133000881227026,0.738950607127986,0.128100002627316,0.350410567637634,1.74087681632693,0.159246731624153,0.210033385390002,0.0400891253046023,0.796662977556723,0.810197347000676,0.0650208792260957,0.696084040233255,0.507572530461226,0.2602355445081,0.743463435299669,0.0863184686123607,0.641892987621108,1.02567802556932,1.40983416826015,0.378272226329445,1.04884508485085,0.224855671091623,2.25953683942553,1.80178018378977,0.174493042197026,0.257449674655165,0.989271435280391,0.832420483785386,1.14114640296578,0.0987569733934053,1.99746071787892,1.20560332808519,0.803625581837441,1.78649475978795,0.427404914907089,0.110041815372286,0.0761402636966046,1.7199163137116,0.78630913182598,1.02024027426919,3.03460114245336,0.35430378723812,1.1157673973437,0.625680399643286,0.319798721233867,2.67630150278763,1.00891634630781,0.0600260717555061,0.78630913182598,4.19612725653204,1.21808296459737,NA,NA,1.01321511703302,2.07846450203201,0.146263973254987,0.738541358094241,1.38766382235319,0.580307373287612,3.03460114245336,3.78634248727936,0.178224389809884,2.00469140737207,2.93046088320077,2.65382864693557,3.42193886596897,0.278147998870975,0.248135573336993,1.78883120944897,1.13565356034846,0.286184335057225,0.262012420213583,3.16465427070156,0.0820649530543042,0.0910183277227837,3.26693311982198,2.87697219824978,0.914337606253273,0.162461430144627,0.117929673973238,1.59971020926609,NA,2.80659140148798,2.06449996168164,2.32332657730086,1.11100548358345,4.09728142189541,1.42760523367482,1.70690094559953,2.29965683321496,0.255428451127231,0.721502406315071,0.231240761546829,1.49328540053697,1.50466407910463,NA,0.053817442540351,0.0767733754619752,0.161082436591234,0.195189923968181,0.15284817231651,2.65661028989745,0.0171551086755886,NA,0.835120755453133,0.0427381334761793,NA,NA,1.47517365059392,1.34549582728539,0.48002434380745,0.0912324834147897,0.0790982206388738,0.37855765518824,1.7994133187795,0.0795215010684739,1.1157673973437,2.20665305024604,2.71098706077552,0.551389695648032,0.0763512564181385,0.410168232591555,0.0918752258043515,2.21199589465653,2.25021710747673,3.53598637244027,0.481921877583642,0.182204261620516,0.521636539870206,NA,0.216809790797992,0.0350145178451021,0.489548225318706,0.0171551086755888,NA,1.46412381440734,0.659506334093327,1.27941008029587,0.625314969345048,3.71161894108343,1.73864964391411,1.15160481880862,NA,0.691779592186202
"16",2011,1.41625989318112,0.79147265448603,1.10096108598987,1.82454929205105,1.00623896853709,1.4440394572882,0.847363030317821,0.933048147166097,0.187614130159723,0.0752967377081653,0.0822771996856857,1.16844338317145,0.648975962246808,0.689050013575875,0.912388287897223,0.748823167775699,0.0536111506365767,NA,2.154738279388,2.33537491581704,0.954143856653693,0.439164435313996,0.480340349498182,0.116171431762042,1.19780094780101,2.76538113284132,2.36823208097481,1.56078740331692,0.839184883873928,0.177056847353847,1.06970854248576,1.77720317145385,0.367203573520255,1.0600685472207,0.808879534378599,0.0755075525081451,1.42110642932365,2.20133860018254,2.36406540827997,0.37599172363072,2.65382864693557,0.265575671629435,0.0305700660846779,3.02650393222074,2.77161168259195,0.246133069538908,2.87697219824978,2.58668934409794,0.965374194183246,0.928584960982106,2.84620053958303,0.367768226273823,0.241891017014162,1.57014200848414,0.470903349610769,NA,0.0916609324359113,1.37443920332488,0.0970320915513446,1.7319977346858,0.595085967383731,0.520319883985459,0.509523116255242,2.48080948280393,NA,0.912875261366793,0.218997709502317,3.57011937880973,0.585209343887819,0.156728126972806,0.031376680365153,1.58338723523416,3.54272040462161,2.48080948280393,1.47517365059392,0.670913301886703,1.77489370160518,1.45403121402012,0.0464176143240663,NA,NA,0.589077820665739,1.91586745058583,3.30882406153114,0.130770231183195,2.38295369280017,2.06296031549604,1.00838029697844,0.316842127224193,1.77835990958167,1.1307962344656,1.7242926883114,0.634859828887062,0.0895205206598406,0.130993072409744,0.727149859808145,0.123444191091122,0.37855765518824,1.48461983504598,0.155357011584329,0.215111379616945,0.0480572949537793,0.849646657708959,0.827488844110737,0.0621042104917662,0.57786536963206,0.527583039057933,0.329264647222751,0.804936484362946,0.0822771996856859,0.585911591107689,1.00730905959694,1.39158693448566,0.374000541064142,1.02895492637163,0.220215291535121,2.07690322146506,1.94278697649908,0.166609857389191,0.250393193761585,0.9929585608692,0.797530656569945,1.20429869645853,0.0976785736339832,1.86159056373139,1.19392246847243,0.768443918268111,1.781838173958,0.432513866665752,0.111133637732085,0.0748752413900181,1.81250095353487,0.718289552145745,1.03279159865812,3.18334640371371,0.353468248963637,0.996659331680281,0.589782790733709,0.328992945006706,2.64552984412088,0.998249578503616,0.063978234986087,7.84678549782578,0.806249107609826,1.17538566413008,1.91586745058583,6.14203740558736,1.0180734261841,2.00034672276806,0.1467166667892,0.731609627994671,1.47945631238593,0.486045594767504,2.74387492762036,3.70365077143425,0.189502704847592,1.93193205308964,2.76538113284132,2.70805020110221,3.61267899322852,0.283584905467711,0.23865919319438,1.34850334834935,1.1175589773989,0.283065829411415,0.246383163325381,2.79372948784557,0.0944503345234897,0.0998365373544564,2.95268401998548,2.5840953089209,0.792335839692841,0.162231465788088,0.115512887121844,1.44569783246097,NA,2.65939969198503,1.95929354110078,2.51165415815503,1.11159948419492,2.9792510473702,1.45570625628781,1.78416375640147,2.39789527279837,0.255428451127231,0.69726120340627,0.232720051757418,1.37831067544654,1.39158693448566,NA,0.0585739399787054,0.0715096513389189,0.162691447396935,0.188321927759168,0.152620407824009,2.77788129560555,0.0301670027982861,NA,0.845995352876455,0.0476471226756742,NA,NA,1.48807705542983,1.16279896555177,0.494985628768005,0.0950951491616297,0.0827018281421724,0.556151609408276,1.7994133187795,0.0715096513389187,0.934540313570792,2.11344422092804,2.39789527279837,0.545975130812162,0.0767733754619752,0.412528115692646,0.0957403798539797,2.21021177286303,1.99746071787892,3.33044652554431,0.497554673212447,0.219728080806848,0.498519768992679,NA,0.222410682098557,0.0472371185698895,0.472783638475621,0.0203423623697679,NA,1.49328540053697,0.676665954376153,1.30143583749136,0.612608318075933,3.94481282825114,1.7714394667371,1.31517927261776,NA,0.731203371641328
"17",2012,1.36674093589913,0.721904739854997,1.07771773861754,1.98599927435992,1.10508480317373,1.44321129989097,0.826148061786972,1.06289420606603,0.20522105656481,0.0788866475924904,0.0869580592961406,1.16279896555177,0.59084117855521,0.665573853655846,0.898368237124755,0.766758997903191,0.0556759872157543,NA,1.84660901011578,2.19429631755713,0.899809505690363,0.441897922209656,0.463106647086919,0.113758885356658,1.4010656784402,3.27724248948084,2.29965683321496,1.56358460793798,0.876055419682256,0.171703640109447,1.00623896853709,2.04014563772987,0.312289970481298,1.00410221558736,0.803625581837441,0.0755075525081451,1.44569783246097,2.08316302281356,2.31142167479454,0.324385266438657,2.08630767949304,0.272483720080878,0.0293613632783764,3.13276090692561,2.77474157560088,0.243136812615674,2.6848607561833,2.57378593926203,1.15656453139334,1.30359333563138,2.81634757643335,0.396124701614242,0.242389149029443,1.43168853865419,0.506598662505666,NA,0.0940206889744532,1.48894323131768,0.103298994827906,1.42191647392039,0.480340349498182,0.504329985467145,0.505949943702507,2.54099611643904,NA,0.900290390527714,0.214142152499637,3.71965111278069,0.619849479332493,0.154900390571828,0.032789822822991,1.61926117413704,3.81254485967339,2.28226509050309,1.43743332261108,0.709109683250411,1.97466770835037,1.40027234242081,0.0449850959168091,NA,NA,0.559224857516058,2.05072774706041,3.06346912645422,0.155585400302919,2.57378593926203,2.11668571485221,1.00250264179922,0.329808273221461,1.64121814405574,1.19521362423605,1.77374096372538,0.58556040585386,0.0856792867433636,0.130547439603795,0.750064119331021,0.124772212534641,0.469651784991827,1.61237477210741,0.169153505425026,0.212448262197462,0.0478521877845648,0.785451130915344,0.890240054674213,0.0669003827552592,0.586614331825295,0.520648885468934,0.344599011222857,0.815044239062653,0.0839767964406789,0.881705152224375,1.02567802556932,1.28152052779042,0.369464100055054,1.08869099339805,0.222899201893324,1.89875050864514,2.028187348741,0.160393652268285,0.264811048169218,1.0344404036483,0.796229420211973,1.21149532549057,0.0938059354033496,1.84166462427031,1.07771773861754,0.740179360098479,1.79823198373367,0.460624486333765,0.109387293695162,0.0803685998061257,1.6698792665876,0.739769607992767,0.939030218843645,2.81308493079853,0.348746673742938,1.0555640350996,0.557857803304525,0.339644418098173,2.62642967274746,0.995600570332039,0.0662734889932179,NA,0.794929874869888,1.07256161146817,4.12109207058913,6.23734758539168,1.12295305700457,2.60768749093772,0.148529493027789,0.906563028706143,1.47261282973225,0.486045594767504,2.92680457199766,3.65713075579936,0.186200036122525,2.04315768819986,2.96398357523941,2.5997614256653,2.21916438413515,0.283325333759569,0.24863682648032,1.26822897149836,1.13261496791631,0.272997330775271,0.226815975566473,2.55851846713125,0.0931619512660352,0.0998365373544561,3.32499692077674,2.24282335845179,0.757542342798267,0.158559210112024,0.103082239652028,1.5423366954038,NA,2.89802560744761,1.88578015820251,2.48549333211636,1.2121521399641,3.02650393222074,1.53505068867287,1.77374096372538,2.36614657448379,0.25064435538541,0.632649068959379,0.227306652710764,1.37058266171513,1.40424533135758,NA,0.0579522427252339,0.0748752413900179,0.16499453455036,0.169153505425026,0.153531777219513,2.45315795147342,0.0321839457974891,NA,0.845084606001117,0.049494224278309,4.68978507667567,1.41304186948692,NA,1.17792212712599,0.534565611069063,0.0948801647471717,0.0878114837132042,0.578911212502357,1.70690094559953,0.0765622936669961,0.902216245720928,2.09421285900015,2.02373960234276,0.545975130812162,0.0654382415026045,0.40781390542992,0.0914466849792803,2.154738279388,2.05529744275047,3.4647588631519,0.53289866619232,0.214384371224328,0.519333528488756,NA,0.231487157999967,0.0458034265680411,0.455678572078409,0.0205419034260022,NA,1.27170965722616,0.687104866103983,1.27870758641381,0.79017927211129,3.75244093560368,1.7419922654108,1.23005119256094,NA,0.67129578420156
"18",2013,1.21676196044226,0.733643389118694,1.17411984117625,1.86033349254134,1.21478372043015,1.48548302025279,1.2448762619231,1.02295545378141,0.226815975566474,0.0848276792829113,0.0916609324359113,1.18301443602971,0.495627271395088,0.662914782763329,1.0180734261841,0.885489451915615,0.0650208792260957,NA,1.94006217917289,2.85295732204591,1.00891634630781,0.4241129771744,0.519333528488756,0.124993721008246,1.40344946979548,3.33044652554431,2.56358176908779,1.54691755545277,0.914337606253273,0.170775565796894,1.0516391632263,1.8478489358791,0.296913209396478,0.937531342719909,0.829279354884525,0.0882384692021853,2.01783988021557,2.2765344157941,2.36823208097481,0.386582920386834,2.39146438246808,0.286444650039822,0.0346096595399769,2.90514307521648,2.88394086756587,0.267106674735326,2.61300665241532,2.66781488891031,1.27101255019201,1.21478372043015,2.46919495038324,0.398160473729277,0.221922400838856,1.50114913699719,0.499808013937347,NA,0.095525256695142,1.4440394572882,0.110478401277496,1.72538978112577,0.45475393031119,0.535901170533028,0.496269325991783,2.45088780293888,NA,0.930070477472172,0.217538565274556,3.58410562078447,0.605777444849404,0.158101124900166,0.0429421942870089,1.50290506369945,4.14548352371329,2.26894424652743,1.40265424112534,0.663673796082501,1.9579075394929,1.3698131349361,0.0536111506365765,NA,NA,0.522954931623464,1.97326024858249,3.11939767911344,0.153531777219513,2.5189093290362,2.33942350434304,1.05052059487701,0.345427168620086,1.44819056329057,1.23811033624779,1.71664655603004,0.719091798478383,0.0953101798043249,0.129211731480006,0.727149859808146,0.130324697649427,0.357373414317062,1.50554474847022,0.172400261523896,0.225345387066151,0.0556759872157543,0.724725616196639,0.894534978957093,0.0742433298366052,0.546650350284136,0.52824594925788,0.274539747533504,0.838732497528281,0.088238469202185,0.539583183061043,1.00410221558736,1.21083894213914,0.353189891272208,1.09159881748825,0.22436619482145,1.93328249218751,1.8553209507178,0.166148070264846,0.247384164409966,1.04884508485085,0.823471878209373,1.17411984117625,0.1065559730626,1.88449232801808,1.38766382235319,0.725129248896367,1.84660901011578,0.479392631847087,0.121234733718589,0.0871713471288784,1.29928298413026,0.742230642869037,0.967429693365342,2.67914645491986,0.329536423280952,0.950091166203069,0.57786536963206,0.348746673742938,2.68773019861125,0.972070072921844,0.0715096513389187,NA,0.914825530146827,1.27800558568298,1.68347069379114,3.99663789611572,1.08232338867012,2.028187348741,0.149437140015447,0.924634338559912,1.45738410903043,0.486363509251186,3.14176997686797,4.05129630865359,0.189030226690916,2.06604198203345,3.10621067483149,2.63729934498436,3.36944868334758,0.291141944689314,0.28462386660013,1.60261859716205,1.13261496791631,0.290880404214435,0.235190408744956,3.59117278800756,0.0957403798539797,0.0944503345234899,2.99085659349051,2.37872535669065,0.832870023015254,0.157185583522412,0.103515796996777,1.29499113204872,3.42794489002918,2.67346462145243,1.90924929274335,2.50445124586097,1.14175858541526,3.08034716424157,1.65136021882036,1.60456223237062,2.4262504985535,0.292450674100034,0.715886667529435,0.224855671091624,1.47005854992715,1.39789610367892,NA,0.0681553504999719,0.0880249536681188,0.162691447396935,0.182204261620516,0.146490294405664,2.40220562429949,0.0356221128005033,NA,0.847363030317821,0.0503162547397239,3.93476249239764,1.64932355823856,NA,1.35834073377386,0.596504910509354,0.103949542395032,0.0946652265410785,0.747996721447668,1.68663358519965,0.0878114837132044,0.885963497906952,2.0105138401235,1.7795179873023,0.599704913240025,0.078463635741851,0.399325635527277,0.0953101798043249,1.9634631093375,2.20665305024604,3.23166498098452,0.476869767058935,0.226815975566473,0.50530164546262,NA,0.253663225602661,0.0558827055627439,0.478761318694806,0.0307716586667537,NA,1.31081880059243,0.698046749401104,1.31809685309728,0.64822801905562,3.94481282825114,1.6182744942346,1.48634695119205,NA,0.665193553213917
"19",2014,1.32175583998232,0.908501013808821,1.16970203657865,1.8896536297983,1.0759960739168,1.35151994188877,1.21149532549057,0.973104199177396,0.247885040954372,0.0972475391445511,0.0908042178836189,1.05668826231188,0.472470011375669,0.784165508282729,1.0881104418578,0.908016165314475,0.0679460798075685,NA,1.99171357562335,2.65939969198503,0.98717059417158,0.442810747467016,0.548678748545528,0.138150338480817,1.30359333563138,3.44618247757896,2.53851780042458,1.52332299449151,0.941032221514317,0.170775565796894,1.00730905959694,1.69086639575227,0.286965483384929,0.957194189471316,0.821247183187261,0.0890929875195104,2.06604198203345,2.09104328423887,1.73089337234275,0.358212223257619,2.2918898038773,0.271713798318221,0.038868868899373,3.09319530671942,2.77788129560555,0.27763173659828,2.50684645658693,NA,1.32911422491351,1.3537883738634,2.92680457199766,0.403707123477266,0.209551109036309,1.85782408093592,0.521636539870206,NA,0.0976785736339832,1.29000714166774,0.107861740386324,1.88192163251498,0.455678572078409,0.520319883985459,0.505949943702507,2.52866550398157,NA,0.862069177707516,0.210274610816332,3.42794489002918,0.612608318075933,0.171471540769889,0.0476471226756742,1.55429086074652,3.11939767911344,2.47382458828198,1.32542826423458,0.665954298781226,1.91454031037777,1.37058266171513,0.0546430359824977,NA,NA,0.53356511073548,1.82697647770866,2.53851780042458,0.158330141275838,2.47614746969812,2.28802879521984,1.46159109882806,0.34294475112683,1.55985673782396,1.27170965722616,1.7543450333778,0.585911591107689,0.103732646179021,0.137701505439171,0.752135800204556,0.144229384557199,0.349855628666677,1.46412381440734,0.178224389809884,0.233954467418425,0.0565031171222984,0.695300033921046,0.933048147166097,0.0805804866593394,0.538577652559024,0.507247802418107,0.377416428245549,0.842811361103102,0.0888792894740343,0.509523116255242,1.02950212200772,1.20821770865926,0.35625609576507,0.904628792126312,0.218511091487848,1.68663358519965,1.85407173131737,0.148756327552976,0.254923782935848,1.01375376503958,0.855148734862942,1.20039498297805,0.109605419991152,1.96625251142508,1.24419760563644,0.64822801905562,1.69405280312168,0.486999641588159,0.150572858479374,0.0974630331654259,1.24013531162757,0.775636671935209,0.951609001050505,2.59713330325903,0.335807745811686,0.959232926161164,0.529905149903993,0.369464100055054,2.53111949294313,0.998780223249418,0.073611817343246,NA,1.00945268314019,1.36367814636858,1.59488161465989,3.83945231259331,1.14175858541526,2.55599639769854,0.15947601054296,0.736497621433559,1.38609887680688,0.529573089465943,2.78103090450845,3.98605578678519,0.190211840913238,2.97541227106303,3.038674467841,2.35991602473315,2.69638826135437,0.282028484920052,0.305367685118591,1.67717476533433,1.08001791214462,0.285143752237002,0.25922160272288,3.35254687254497,0.0938059354033496,0.0987569733934053,3.56319893596515,2.95268401998548,0.847363030317821,0.146716666789201,0.103732646179021,1.23340127944622,3.65713075579936,2.82950566101086,1.9132149291367,2.91591517219839,1.12055209546704,3.71965111278069,1.38531732147206,1.60358994255168,2.24836353882741,0.254419369305986,0.723112712621174,0.232966813017153,1.44321129989097,1.18813280932795,NA,0.0681553504999721,0.0955252566951423,0.158101124900166,0.182673524885815,0.153759749407893,2.16832083115387,0.0554693115924083,NA,0.871838969303321,0.0529925301405104,3.36944868334758,1.48203474097387,NA,1.29000714166774,0.61188707751095,0.101999167955121,0.0985412003857714,0.889763977540726,1.70690094559953,0.09123248341479,0.801444555891081,2.07068236158995,1.89744587701847,0.535567113406153,0.0914466849792803,0.401075927689401,0.0931619512660352,1.94551921863595,2.0878837239485,3.48368687303742,0.50368273625361,0.241393133010847,0.52824594925788,NA,0.230009689127409,0.0625203569813339,0.494664961777924,0.0382592986275263,NA,1.28434140413206,0.705144570997533,1.30719954220811,0.865315181021364,3.67239822793014,1.85157796443897,1.19392246847243,NA,0.686716290229655
"20",2015,1.46327886294178,0.860681252432668,1.18110178004337,1.94278697649908,1.0180734261841,0.629342066129249,1.21478372043015,0.908501013808821,0.239155717534273,0.0978941605702499,0.0878114837132044,1.197800947801,0.435229210014618,0.468714138415864,0.930070477472173,0.86997068291215,0.075718411760376,NA,1.96765013569172,1.84537061986463,0.782453911801547,0.411937622613782,0.561621708518006,0.130324697649427,1.12596238819528,2.76538113284132,2.37451482415431,1.19327751520919,0.871838969303321,0.109169214967877,0.866244549117997,1.72979022827059,0.253663225602661,0.709109683250411,0.721100234582322,0.0869580592961406,2.04920914388322,2.17863020081273,2.38295369280017,0.308024434821549,2.29576577772199,0.203063041100771,0.0380561910813828,2.96777864620796,2.84283919188032,0.252152651297294,2.57122511840036,NA,1.30000008706526,1.27660306090889,3.02650393222074,0.355697904290906,0.133894536335652,1.27520250045586,0.202823548823252,NA,0.0948801647471719,1.24013531162757,0.0970320915513444,2.01637037223621,0.380557941610301,0.438254930931155,0.510825623765991,1.47517365059392,NA,0.657617759405459,0.135236518196636,3.4647588631519,0.645987540149768,0.119030147287776,0.0685740233132889,1.53414365913222,3.83945231259331,2.37032194589427,1.17222410601136,0.64822801905562,1.74758825091492,1.40743512672568,0.0600260717555061,NA,NA,0.508872498145109,2.02373960234276,2.49492736434971,0.114854775877295,2.43513944597074,2.24466667694608,1.48981015811667,0.318991510104338,1.47859831147529,1.06402670901833,1.72319679779076,0.587669369728681,0.085892301974758,0.107861740386324,0.588373347230475,0.131884934230287,0.355697904290906,1.43087054269855,0.120572847318253,0.217538565274557,0.0692023613798303,0.583455880348945,0.949585732783161,0.063978234986087,0.484774946566048,0.453214758081821,0.24863682648032,0.862069177707516,0.0788866475924904,0.501097920597979,0.991376699215854,1.10567529625259,0.339369881377163,0.974657396486796,0.138823965990291,1.87679998239492,1.34100143769755,0.116830410369085,0.13613217432458,0.998780223249419,0.755459442649258,1.17855724940838,0.10460051344981,1.94006217917289,1.04996177955093,0.220946552993667,1.86284921713859,0.418155259224652,0.139273303225441,0.0810043951014654,1.26822897149836,0.712293132019305,0.951102800077914,2.94151071938735,0.301924429167324,1.03554111922449,0.482871996419962,0.343220271172656,2.51406670456041,0.862069177707516,0.0790982206388736,NA,1.1671863119814,1.27730407741149,1.90267464710127,3.20239459868441,1.18749157814214,2.55097126149586,0.156270879594012,0.696084040233255,1.31517927261776,0.444333977007537,2.88394086756587,3.96522169988234,0.17332984560199,3.29290860622524,3.30882406153114,2.46919495038324,2.94151071938735,0.246883538617283,0.308556632811758,1.46581586218837,0.874179246524028,0.26353797352242,0.219728080806848,3.33592599130893,0.0890929875195104,0.0923039503553984,3.32499692077674,2.89095844022452,0.488273121543773,0.110260084498985,0.0983254739260845,1.22804651430856,2.80659140148798,2.49019922315377,2.0583555491093,2.43513944597074,1.11815688474108,3.60545874525504,1.42516323001926,1.56265133675498,2.31339600909826,0.251649633178036,0.642636205789842,0.211481611566367,1.49328540053697,1.20821770865926,NA,0.071719669191208,0.0844021473615964,0.113101927049881,0.155813841194831,0.111352145326093,2.38719998368162,0.0863184686123607,NA,0.728364189040547,0.0780408027545788,3.0718725372506,1.51884871409659,NA,1.17665309142269,0.600417417723321,0.0927328587900244,0.0972475391445511,0.936533338645057,1.78067740772203,0.0812164167284654,0.839184883873928,1.94006217917289,2.90872089656436,0.521307213339978,0.10005259007216,0.342118646164525,0.1065559730626,1.71664655603004,2.22819786923281,3.33044652554431,0.445859530316375,0.217538565274557,0.423515605591522,NA,0.208346434754973,0.0585739399787054,0.465906462261665,0.0340026792482001,NA,1.25785902029226,0.571266977919492,1.32837594507193,0.828831426545569,3.87649358427366,1.70367340110866,1.29285209379997,NA,0.557516331557993
"21",2016,1.3892312207932,0.834670203519402,1.10567529625259,1.98885234334232,1.0207827207159,0.683225885289886,1.43661061585961,0.849646657708959,0.278922892361899,0.10005259007216,0.0893067312416023,1.16279896555177,0.478445811514401,0.760047563315205,0.905112000640183,0.851019341520931,0.0761402636966046,NA,1.74310896011087,2.65661028989745,1.01861469818649,0.44159383219667,0.572999179980887,0.135012729452275,1.29356459828327,2.82290497697951,2.29382591290416,1.54967617789185,0.866244549117997,0.123444191091122,0.87746486318549,1.77029070153322,0.233213635183036,0.88406866076967,0.812397567910278,0.0903761356853006,2.05988811645907,1.91056942494828,2.23548387596374,0.344599011222857,2.19254346872972,0.249891059681238,0.0406998123464823,2.91231156469509,2.76538113284132,0.28151021592685,2.54348058976671,NA,1.20756347245666,1.36520836854935,2.9986691332273,0.413414509605018,0.155128675015235,1.89094812836095,0.403999906380836,NA,0.0978941605702497,1.29071762127134,0.0996205313054471,1.91056942494828,0.460314648995888,0.539583183061043,0.501743498412524,2.44185839621949,NA,0.825701533536641,0.156728126972806,3.6346578999473,0.634859828887061,0.127211508566201,0.0715096513389187,2.22638463210863,3.66473535518458,2.05988811645907,1.42272717522138,0.648975962246808,2.05988811645907,1.35986280408293,0.0579522427252339,NA,NA,0.592961320692136,2.05377188944164,2.46688814428532,0.12035231583649,2.39574704426008,2.28802879521984,1.52153087931653,0.352077234690103,1.55614271312759,1.27450295513177,1.65340103585522,0.605777444849405,0.0963860271377881,0.114416275541393,0.711496319228142,0.143777815346546,0.356814598990981,1.47774104609917,0.138823965990291,0.239155717534273,0.0685740233132889,0.596859961107794,0.866709557264018,0.0650208792260955,0.442506379788513,0.558199391693841,0.302453389772094,0.908986097495268,0.0799449607402688,0.55888291871977,1.00463597594164,1.19909712426245,0.40899037615385,0.916290731874155,0.163151640686235,1.75096093539356,1.54967617789185,0.122780841149716,0.173562376704073,1.08463419270244,0.784593865539226,1.20887237316709,0.108733200136466,1.86284921713859,1.02786143255026,0.374000541064142,1.70152747753838,0.49723318148809,0.149664180543156,0.0854663168777946,1.23138988084654,0.727149859808145,0.971553410549205,3.14176997686797,0.338546723147119,0.885015630537406,0.581705486063415,0.440074767648141,2.44185839621949,0.997189133017177,0.0748752413900179,NA,1.25511176581712,1.33578338634979,1.86284921713859,3.59829025577642,1.7994133187795,2.55851846713125,0.177757209236099,0.758794168540711,1.36062470888169,0.454137977104158,3.04687123504518,4.01814410133669,0.198522466923862,3.26693311982198,3.71965111278069,2.38083728989379,3.17395666336388,0.312557171551692,0.326009082762984,1.53868705631625,1.0680006001406,0.31015492830384,0.27402534422998,3.44006625056153,0.0910183277227839,0.0996205313054469,3.34697582749552,2.85976006936866,0.819470983786005,0.12101405623783,0.0994045719049748,1.29641970372025,2.76228035516307,2.81962090177832,1.80059605102855,2.72282151842252,1.0702785054536,3.50949475699329,1.46751077784836,1.57768921411952,2.40653463538908,0.302188874494794,0.691779592186202,0.220946552993667,1.68769010933385,1.19198885523704,NA,0.0729807034062361,0.0835516263662468,0.127433558084155,0.171471540769889,0.114197097458324,2.42625049855349,0.0827018281421724,NA,0.931558204004944,0.0746645598344088,2.90872089656436,1.56358460793798,NA,1.50114913699719,0.648601920723838,0.095525256695142,0.102865531448774,1.03004961723081,1.71447264213042,0.0893067312416026,0.887386985691806,2.03564450484908,2.83282241363685,0.76928744425655,0.100484835594342,0.418452303634976,0.110041815372286,1.893542163538,2.06604198203345,3.66473535518458,0.541933360405997,0.233707462353566,0.48763617884708,NA,0.243136812615674,0.0604413541535009,0.520977995230009,0.0293613632783764,NA,1.34699845716993,0.712691776632915,1.26406807783919,0.902216245720928,3.72774832301331,1.6972493961473,2.06449996168164,NA,0.737314614943055
"22",2017,1.3892312207932,0.854689070409894,1.01483193225993,1.86789973292466,1.10449465857118,0.695691960243915,1.32469269965563,0.834670203519402,0.27556934865406,0.102215688471286,0.0910183277227839,1.19715348905388,0.524935784037425,0.743874704069604,0.79017927211129,0.871838969303321,0.0820649530543042,NA,1.54691755545277,2.6318497402168,1.0338904998676,0.431008522410388,0.549355796641804,0.137477164439913,1.32175583998232,2.99475523390616,2.24651339953925,1.64830678133347,0.84827585557518,0.12366540555945,0.788887560413925,1.7353181583231,0.229025921217276,0.849646657708959,0.812838193605885,0.0914466849792803,1.9760771518536,1.84289843071924,2.14467108027028,0.321145522784246,2.20843082849204,0.234695848893135,0.051550568823609,2.68773019861125,2.69060789843887,0.269663566949103,2.35372405448523,NA,1.1472851576641,1.30215448646228,2.80013976620649,0.409579130954489,0.153759749407893,1.87170442996832,0.318991510104338,NA,0.0959555493007484,1.29856639506341,0.100052590072159,1.99602083282093,0.423217053566615,0.549017215294402,0.487954599483428,2.48549333211636,NA,0.795796050757737,0.156270879594012,3.42794489002918,0.700013318373145,0.125215278558726,0.0759293154836084,2.13140388732623,3.96522169988234,2.12811441067583,1.41063512945635,0.625680399643286,2.07223395228137,1.34925664405352,0.0757184117603762,NA,NA,0.56333726906915,1.8478489358791,3.08034716424157,0.125436885207832,2.0583555491093,2.28802879521984,1.49415610150621,0.347362207233553,1.60164819436877,1.20104454454685,1.60650965265501,0.602200903125618,0.112445400053982,0.114416275541393,0.755875675745798,0.115293468580097,0.344599011222857,1.48031505009434,0.141297823093624,0.235685213307253,0.0763512564181385,0.57786536963206,0.856528997331901,0.0903761356853009,0.394383046602143,0.538577652559025,0.316842127224193,1.0159112631796,0.0976785736339832,0.511803618953967,0.852393912184098,1.12777234344052,0.388887732700703,0.998780223249419,0.150345611574635,1.8653712865713,1.72758758420825,0.121455459908647,0.175657593394202,1.08116998600477,0.857911167558853,1.20364701836443,0.116171431762042,1.85782408093592,1.10804076157793,0.375422409638684,1.83184859453266,0.498519768992679,0.1453592005174,0.110260084498985,1.22604584675227,0.701195118786445,0.970005023143075,2.89448578074249,0.325467517626541,0.882649885407537,0.385145105617207,0.434021480399219,2.26894424652743,1.01915626332293,0.0795215010684739,NA,1.28222500122568,1.46581586218836,1.54967617789185,3.85780145126151,1.81130406530103,2.53604561127919,0.175657593394202,0.734865634127237,1.25374096368334,0.471529719816027,2.88394086756587,3.93476249239764,0.190684877818937,3.57708804812582,3.89554177924435,2.45771376800928,3.20721388512036,0.302453389772093,0.330080197084455,1.57108230004378,1.04383533320977,0.289051533685078,0.296387170457467,3.40413424133546,0.0901621632869236,0.0966013355679448,3.56319893596515,2.10860159645225,0.813279013538084,0.115951868691668,0.098109793994266,1.15098658076729,2.59451206977915,2.78419046479882,1.96485683778611,2.38719998368162,1.16655836847568,3.4647588631519,1.37598599404318,1.59199560977076,2.1700316955575,0.290357528385529,0.678590882785738,0.217781608172824,1.65647009197263,1.2121521399641,NA,0.081428483318169,0.0983254739260845,0.125880245889003,0.162691447396935,0.12101405623783,2.45771376800928,0.0807924184181065,NA,0.970520885935016,0.0797332084896098,2.85295732204591,1.52511832711018,NA,1.47005854992716,0.700801030111394,0.0998365373544564,0.105251908543954,1.06232843518814,1.74758825091492,0.098109793994266,0.902216245720928,1.88706964903238,2.96398357523941,0.767601103216114,0.0953101798043249,0.392933980995735,0.106121095908541,1.92789164355264,2.06449996168164,3.3414356471199,0.579958150305191,0.21608154704691,0.462796039847273,NA,0.225590335015937,0.0656469879807661,0.47970843794477,0.03988564580446,NA,1.31445120560343,0.677820466722978,0.973621663613264,0.816370206107757,3.61267899322852,1.60261859716205,1.98031744089248,NA,0.716286747550774
"23",2018,1.25511176581712,0.831522011128359,1.17601917697991,2.00905505065984,1.15284244272897,0.701983762360443,1.45403121402012,0.860681252432668,0.331168632566059,0.112883036822455,0.092947382012986,1.0754228437492,0.488910470195049,0.724322146350536,0.7488231677757,0.929079887990476,0.0831266369845845,NA,1.50907520226961,2.56358176908779,1.01106342174348,0.435531370464115,0.574039943301198,0.129434225640452,1.30936952497643,2.70805020110221,2.32933260136107,1.50114913699719,0.877464863185489,0.116830410369085,0.755043382730628,1.65544602634294,0.217295581431787,0.868571755195083,1.02676913315165,0.096816690365805,2.00324108079442,1.93870255965685,2.21199589465653,0.446164920454647,2.18730328206616,0.246883538617283,0.0641866768836629,2.89448578074249,2.74691907000158,0.279957018617451,2.47150709014162,NA,1.21874412164625,1.32175583998232,2.80013976620649,0.420831840748241,0.142198927006817,1.87679998239492,0.289312596211035,NA,0.096816690365805,1.31227017965707,0.100917268033513,1.84166462427031,0.440378396009363,0.582755354926252,0.489548225318706,2.14300302316958,NA,0.807563456101339,0.15284817231651,3.3637829458119,0.732829388259747,0.127433558084155,0.0790982206388738,2.10538615959827,3.21205650959615,2.18209041187763,1.43825670676628,0.594023079772594,2.12975779641956,1.35606196332327,0.0778294532874493,NA,NA,0.580307373287612,1.98173487557346,3.26181801915521,0.125658540977331,2.50445124586097,2.11021320034659,1.51528364793209,0.343220271172657,1.19456783796886,1.22139312981783,1.27170965722616,0.622032092057811,0.121455459908647,0.112883036822455,0.731609627994671,0.15239269519636,0.317916241183531,1.53868705631625,0.135460357033608,0.226815975566474,0.0784636357418512,0.616584466455573,0.880761310719669,0.0918752258043515,0.387734662523941,0.561621708518006,0.325467517626542,1.22737918028313,0.108733200136465,0.515070528099316,0.851019341520931,1.11278854497711,0.396124701614242,1.30143583749136,0.150800157037007,1.85282407051921,1.92252970041125,0.113101927049881,0.15947601054296,1.10508480317373,0.885489451915615,1.16405053017071,0.121897058502708,2.21916438413514,1.29785031912877,0.373432359230674,1.65954859619972,0.515725192607149,0.14898321354374,0.113758885356658,1.23205989762202,0.725937003382936,0.924141606349893,3.11498266090432,0.329536423280952,0.836022468769415,0.374569045911744,0.447693271661516,2.26705567183956,1.17096227619093,0.0824894913752635,4.90234651865934,1.35001050763992,1.55429086074652,1.54875579126452,3.42193886596897,1.91985947185537,2.72282151842252,0.181266395197727,0.708315402033116,1.34474535820702,0.49530639861839,3.12383227618131,3.94481282825114,0.195189923968181,3.49650756146648,3.64209287843482,2.25766593148972,3.2876592503391,0.315769165747866,0.469339138436209,1.60553546845717,1.01861469818649,0.299020136696828,0.296387170457467,3.42193886596897,0.0897343557937678,0.100917268033513,3.43398720448515,2.71688678290271,0.584858405123031,0.117050166440731,0.101782694309942,0.831971146550237,2.6291360343452,2.79372948784557,2.32732658263421,2.40870618890259,1.23541673192557,3.55632605667739,1.45822409228015,1.61041590762208,2.09898613775281,0.249389177612987,0.715486747508108,0.221922400838856,1.69938614909704,1.18557034796425,NA,0.0837641888072641,0.116171431762042,0.123001908907884,0.16384232794749,0.118809955720223,2.44862279630803,0.0890929875195106,NA,0.961275827790964,0.0805804866593394,3.06766200471425,1.42353853429226,NA,1.49939628816977,0.702378317504642,0.0972475391445511,0.108733200136466,1.09685430403721,1.87297588595652,0.10156626751546,1.00838029697844,1.86916635753985,2.72580214656066,0.776486289658364,0.0957403798539797,0.416374843324077,0.101999167955122,1.82576214847626,2.07068236158995,3.21205650959615,0.588725521912756,0.212690070927935,0.467465309030956,NA,0.228534399949086,0.0721398372646164,0.476869767058935,0.0439631234211162,NA,1.30431353731898,0.690998952021656,0.916779609908824,0.853311343441107,3.97558448691789,1.5533662189793,1.86033349254134,NA,0.694125175747922
"24",2019,1.35530352566841,0.840090270988741,1.1314021114911,1.85033340920676,1.41625989318112,1.22471428863275,1.5081914196226,0.876994827924192,0.333349064064975,0.117050166440731,0.0950951491616299,1.78300028913817,0.78845736036427,0.713489542929713,0.813720027878198,0.999311149728574,0.0844021473615964,NA,1.66366806649496,2.42846533888305,1.28011306802254,0.428604675098993,0.658750476158625,0.130102005297989,1.39237340719627,3.07610087336012,2.83615020372953,1.72758758420825,0.886437768724474,0.115951868691668,0.761721203873234,1.71447264213042,0.214384371224328,0.84462954342216,1.02731513371122,0.103515796996777,2.11182740570113,1.99746071787892,2.60768749093772,0.5510504250765,2.6291360343452,0.251146867958798,0.0780408027545788,3.02247978192102,2.79053969247747,0.294810711907123,2.54846813127774,NA,1.23005119256094,1.34775061967248,2.94522129878389,0.400492156511118,0.148756327552976,2.06758638388483,0.353189891272208,NA,0.0963860271377878,1.36444296476151,0.101349887551401,2.07223395228137,0.768022421949963,0.611166356759032,0.496269325991783,2.73179018840528,NA,1.09276431878569,0.154672158230315,3.37514670446221,0.77266868162842,0.127877805092794,0.0812164167284652,2.17690457484526,3.59117278800756,2.38719998368162,1.58148428508807,0.553427739831732,2.1700316955575,2.5840953089209,0.0807924184181065,NA,NA,0.563680734640104,2.04315768819986,2.96398357523941,0.123886668974447,2.56612306651647,2.22457467686339,2.41743986887134,0.341293223088357,1.57485233278432,1.04328024021744,1.44569783246097,0.641892987621108,0.129656769315567,0.115074098172285,0.759629590477354,0.148756327552976,0.46621803727587,1.46581586218836,0.140397530437722,0.261250515414821,0.0797332084896098,0.622760689539951,0.940030719177228,0.101133554397501,0.407520003884821,0.60077386042893,0.356814598990981,1.43087054269855,0.113539851295986,0.54800215853325,0.795796050757737,1.10744887046861,0.573345980747325,1.30575549863588,0.148529493027789,2.06296031549604,2.19957337465797,0.11836971798474,0.160852789099124,1.09626899527014,0.907531551784274,1.19198885523704,0.129211731480006,2.09421285900015,1.4010656784402,0.350410567637634,1.82697647770866,0.491144394851528,0.157414390296091,0.123444191091122,1.20364701836443,0.72553304458124,1.29427761079119,3.0105035908743,0.334167953151271,1.1472851576641,0.785451130915344,0.462485529054528,2.41088246832518,1.18493075728047,0.0852533923587319,NA,1.43168853865419,2.06913317460312,1.51261816434595,3.71161894108343,1.82576214847626,2.61567688097119,0.186435579640279,0.734865634127238,1.62818537813405,0.575429314834179,3.21692269924732,3.90520369015609,0.200909672640968,3.53598637244027,3.8859723282282,2.46688814428532,3.90520369015609,0.332258254030445,0.49370357731035,1.83429358352572,1.02840802999486,0.307226668524751,0.304572034632379,3.39243820157227,0.0908042178836187,0.102648870197791,3.26181801915521,2.80659140148798,0.870437427378033,0.119470675929261,0.100917268033513,0.757959443951343,2.62642967274746,2.85295732204591,2.62373061577829,2.53604561127919,1.19263297764256,3.83945231259331,1.67404160350229,1.61532028233717,2.36614657448379,0.357373414317062,0.685939591161483,0.223876958021085,1.63618542080113,1.36750810126088,NA,0.0901621632869236,0.122338852192244,0.12101405623783,0.171007503638592,0.11661070257956,2.47150709014162,0.0935912279414406,NA,1.02458810720529,0.0829142100055596,3.08034716424157,1.81130406530103,NA,1.50554474847022,0.738541358094241,0.0968166903658052,0.110696765728631,1.19844882602257,1.99028193615192,0.110478401277496,1.01645136581223,1.90529932052404,2.87005175540521,0.759629590477353,0.109387293695162,0.426805574163946,0.105251908543954,1.92386749325291,2.38083728989379,3.42193886596897,0.97933151561717,0.280992215397267,0.465594984296213,NA,0.291665230938827,0.0816405948896505,0.660262763781438,0.0723499875228241,NA,1.32911422491351,0.673210393248998,0.866709557264018,1.12235227597118,3.94481282825114,1.65647009197263,1.93870255965685,NA,0.690998952021656
